title,artist,genre,lyricist,music,key,beat,lyrics,selected,metaphor,metaphor_interpretation,metaphor_source_domain,metaphor_target_domain
Adara Samarum | ආදර සැමරුම්,Sanath Nandasiri,Old Pops,Ajantha Ranasinghe,Sanath Nandasiri,Eb minor,6/8,"ආදර සැමරුම් කැටිවූ නෙතු කඳුළින් මුතු පබළු 
නිමා කළෙමි සිහිවටනය  
යමුනා තීරේ..යමුනා තීරේ 
එවන් නිමල මැදුර බලා වඩින්න දේවියේ 
මහද අඳුරු ලෙන අතහැර වඩින්න දේවියේ 
දහසක් මිණි මල් ලිය කම් 
පෙම පිදු වූ රන් කැටයම් 
යමුනාවේ තරඟ මතින් මත පිළිබිඹු වේවා 
චමත් කාර අතීත සඳ යළිත් ජනිත වේවා 
අපගේ පෙම් පුරාවතින්  
දෙරණ හෙළු කඳුළු ගලා 
මැදුරත කිරිගරුඬ පවුරු පබා කැළුම් දේවා 
සනාතන වූ පෙම් සිතුවම් එහි සටහන් වේවා",1,ආදර සැමරුම් කැටිවූ නෙතු කඳුළින් මුතු පබළු,ආදරය නිර්මලත්වය නිසා කඳුළු මුතු බවට පරිවර්තනය වීම,කඳුළු මුතු බවට පරිවර්තනය කිරීම,ආදරයේ නිර්මලත්වය
Game Kopi Kade | ගමේ කෝපි කඩේ,Sanath Nandasiri,Classics,Ajantha Ranasinghe,Premasiri Khemadasa,F minor,6/8,"ගමේ කෝපි කඩේ දෙන්නා දෙපැත්තේ දාං අදින්නේ 
ගැටව් කතා බහට කඩ එළිපත්තේ රංචු ගැහෙන්නේ 
ගමේ රටේ අහේනියයි ළමයිනේ 
ඔය පුරසාරම් වැඩකට නෑ ළමයිනේ 
ගමේ කෝපි කඩේ දෙන්නා දෙපැත්තේ දාං අදින්නේ 
ගැටව් කතා බහට කඩ එළිපත්තේ රංචු ගැහෙන්නේ 
අපේ කාලෙ අස්වැද්දූ කුඹුරු ලියදි පාළු වෙලා 
තල කුරහං අල දෙල් කොස් හේන් පිටින් පාළු වෙලා 
අම්ම අප්ප මොක මොකවත්කන්න බොන්න දුන් පලියට 
ලැජ්ජ නැද්ද කාලෙ කන්න ගැටවරයිනි කඩ පිල් යට 
අතපය හත්තිය තියෙද්දි කම්මැලි කම් මොකද බොලව් 
මගෙ පුපුවත් පත්තු වෙනව අර ඉපනැලි යාය බලව් 
වයස ගියත් මගෙ අත පය බලාපල්ල යකඩ වගේ 
අපි වවලයි අපි කෑවේ උත්තම රජගොල්ලො වගේ",1,මගෙ පුපුවත් පත්තු වෙනව,යමක් දැක කෝපයට පත් වීම,පපුව පත්තු වීම හෙවත් ගිනි ගැනීම,කෝපය
,,,,,,,,,වයස ගියත් මගෙ අත පය බලාපල්ල යකඩ වගේ ,ඉතා ශක්තිමත් අත පය,යකඩ,ශක්තිය
Eda Meda Thura | එදා මෙදා තුර,Sanath Nandasiri,Classics,Wimal Jayashantha,Sanath Nandasiri,F major,4/4,"එදා මෙදා තුර කඳුලට විවරව  
දෑස් පියන් පත් කවුළු වසා  
ලයේ ගලාගිය සෙනේහයේ සුව  
සිනා පිරුනු රත් දෙතොල් පියා  
මිලාන වී ගිය රෝස කොපුල්පෙති  
කම්මුල් සුදුමැලි පාට හොවා  
දෑත ලයේ බැඳ අවසන් ගමනට  
සොඳුරිය මට නොකියාම ගියා  
දෑස් කවුලු පත් වලා කඳුලු කැට  
වෑහෙද්දී මගෙ දෑස් අඟින්  
කාත් කවුරුවත් වෙතක් හිතයි මට  
පාත් වෙන්න ඔය මුවට උඩින්  
ඈත්ව යන්නට සමුගෙන කවුරුන්  
ඔබෙ මුව දෝතක් සුවඳ පැනින්  
මාත් මගේ හිතටත් ඔබ සුවඳයි  
ඈත් නොවේමයි ඒ සුවඳින්  
ඊයේ ඉපදී අද මිය යන්නට  
පෙරුම් පුරාගෙන උපන් ලයේ  
ඊයේ වේඟේ අහස උසට බැඳි  
ආදර ලෝකය හෙටත් තියේ 
ඒත් ඉතින් දැන් සොඳුරිය ඔබ නැති  
ඇයි මේ ලොව මා තනිව ගියේ 
ආයේ දවසක එක හිත් ඇත්තන්  
වී අපි ඉපදෙමු එකට ප්‍රියේ",1,දෑස් පියන් පත් කවුළු වසා,මරණයට පත්වීම,දෑස් වසා ගැනීම,මරණය
Eka Yayata | එක යායට,Sanath Nandasiri,Old Pops,Sunil Ariyarathna,H.M.Jayawardhana,E minor,6/8,"එක යායට මල් පීදුන බිම් තීරේ 
පාර දිගේ කණින් කණට 
කොඳුර කොඳුර ඔබයි මමයි විතරයි හිටියේ 
රාස්සිගේ අව්ව වැටී  
දඹරන් වූ ඔබේ කෙහෙරැලි  
සුළං සමග පොරබැදුවා 
ඔබට මතක නැති උනාට  
අදවගේ මතකයි මට 
ගොපලු කොලුගෙ බටනලාව  
සංගීතය මවන අතර  
දොලේ දියෙන් පාදෙව්වා 
ඔබට මතක නැති උනාට  
අදවගේ මතකයි මට",1,දඹරන් වූ ඔබේ කෙහෙරැලි,ඉතා සතුටින් සිනා සීම,දඹරන්,සිනහවේ දීප්තිය
Duleeka | දුලීකා,Sanath Nandasiri,Classics,Sunil Ariyarathna,Premasiri Khemadasa,G minor,4/4,"සීත රෑ යාමේ අඳුරේ 
වාසනා නිල් දෑස පායා 
ආදරේ උණුසුම් සුසුම් වැල් 
මා හදේ රහසේ රැඳුනා 
දුලීකා… දුලීකා… දුලීකා… දුලීකා… 
මා බලා සිටියා දිවා රෑ කල්පනා යහනේ 
නෑ එවන් රුව තාම දුටුවේ නාඳුනන සිහිනේ 
මා ඔබේ හසරැල් ජලාශේ කිමිදෙනා මොහොතේ 
ඔබ සොයා එන්නම් ඉගිල්ලී තාරකා එළියේ",1,මා ඔබේ හසරැල් ජලාශේ කිමිදෙනා මොහොතේ,ඇයගේ සිනහව දැක තෘප්තියට පත්වීම,ජලාශේ කිමිදීම,තෘප්තිය
Du Anuradha -දූ අනුරාධා,Sanath Nandasiri,Request,Buddhadasa Galappaththi,Sanath Nandasiri,G,2/4,"දූ අනුරාධා දූ අනුරාධා 
දූ  අනුරාධා .... 
කෝමල අත් පා සෙමින් සැලේ 
හිනැහී යළි මව් තුරුළෙ වෙලේ .. 
හදවත රැඳි දුක් සැණින් මැකේ 
ජීවිතයම සොම්නසින් පිරේ 
ජීවිතයම සොම්නසින් පිරේ 
ප්‍රාර්ථනාවන් මල් පුබුදා 
සිරිදුන අප පැල වෙත කැන්දා ... 
පිය රජු ලෙස මා කිරුළ දරා 
රජ වෙමි මගෙ දිවි තිබෙන තුරා 
රජ වෙමි මගෙ දිවි තිබෙන තුරා",1,ප්‍රාර්ථනාවන් මල් පුබුදා ,ප්‍රාර්ථනාවන් ඉෂ්ඨ වීම,මල් පබිදීම,ඉෂ්ඨ වීම
Dedunne Pata Patin | දේදුන්නේ පාට පාටින්,Sanath Nandasiri,Old Pops,Praneeth Abayasundara,Stanley Pieris,C major,2/4,"දේදුන්නේ පාට පාටින් ආදරේ බැන්දු 
සංසාරේ වන්දනාවේ ප්‍රේමයේ ළන්දු 
සන්ධ්‍යාවේ නිම් වළල්ලේ මායාවේ දෑස දැල්වේ 
කවුරුන්දෝ ඈ නොවේදෝ ඈ මගේ නේදෝ 
ගංගාවේ ගීතයක් වී ගිම්හානේ මේඝයක් වී  
සන්තාපේ අංගනාවී ඈ මාගේ නේදෝ 
තුන්කල් දකිනා ඇල්මෙන් රඳනා 
තන්හාවකින් ළං ළං වෙලා 
රන් මෙවුලේ නෙත් රැඳේවි පා යුග්මේ නෙත් රැඳේවි 
මල් යහනේ දේවතාවී ඈ මාගේ නේදෝ 
දෑතේ පැටලී කාමී ඇඳුරේ 
කැන්දාගනී මෝහනය වී",1,සන්ධ්‍යාවේ නිම් වළල්ලේ,සන්ධ්‍යාව අවසන් වී රාත්‍රිය ඉලඹිම,නිම් වලල්ල,අවසන් වීම
Mama Nam Asayi | මම නම් ආසයි,Sanath Nandasiri,Golden Pop,Praneeth Abayasundara,Sanath Nandasiri,D major,2/4,"මම නම් ආසයි අහන්න නයනා  
ඉස්සර වාගේ ඔබේ මුවින් 
දෙනෙත පියාගෙන කියන්න මුමුණා  
එක වදනක් හෝ කෝල ලෙසින් 
වෙන කවුරුත් නෑ අහගෙන ඉන්නේ  
ඉරහඳ පමණයි කවදත් උන්නේ 
මම නම් ආසයි අහන්න නයනා  
ඉස්සර වාගේ ඔබේ මුවින් 
ඉඳුල් මහේ නෙත මුලින්ම දුටුදා  
මා හා හිනැහුනු අහිංසකාවිය 
අදත් එදා මෙන් දකින්න ඇත්නම්  
මට පෙම් කල මුදු නිසංසලාවිය 
මා ආගන්තුක ලෙසද පෙනෙන්නනේ  
පුරුදු හඩින් ඇයි හිනා නොවන්නේ 
පාසල් කාලය ඔහේ ගෙවෙද්දෙන්  
ලෝකය යනතක ගමනේ යද්දෙන් 
පුංචි දැරිය යුවතියක වුනාදෙන්  
මගේ බොළඳ හිත මට තිබුනාදෙන් 
ලොවට බයේ ඇයි ජීවත් වෙන්නේ  
දුරින් නොවේ ඔබ ළඟයි හිඳින්නේ ",1,"වෙන කවුරුත් නෑ අහගෙන ඉන්නේ  
ඉරහඳ පමණයි කවදත් උන්නේ ",අප දෙදෙනා හැර වෙන කව්රුත් අසාගෙන නොසිටියි,ඉරහඳ,අප දෙදෙනා
Mage Ratata | මගේ රටට,Sanath Nandasiri,Inspirational,Sunil Sarath Perera,Sanath Nandasiri,D major,4/4,"මගේ රටට දළදා හිමි සෙවණයි 
මගේ දැයට දළදා හිමි සරණයි 
සැපතින් සපිරුණු නිවහල් දෙරණයි 
උපතින් මා හට මේ හැම උරුමයි 
දළදා මැදුරේ රන්කොත මුදුනේ 
මිණි කිරණින් මුළු රටම අවදි වේ 
දෙදහස් වසරක මහරු අතීතය 
සීහ තේජසින් යළි පිබිදී එයි 
මෙතැනම වී දැය එක ලෙස බැඳුනේ 
සිත් තුල බිය සංඛා දුරු කෙරුනේ 
සමිඳුන් සෙවනේ ජය දද බැඳුනා 
ජය බෙර වැයුනා ජය ගී ගැයුනා ",1,මිණි කිරණින් මුළු රටම අවදි වේ,රටට වාසනාව දළදා කරඬුවෙන් අත්වීම,මිණි කිරනින් රටම අවදි වීම,රටට වාසනාව උදා වීම
Lassana Nam |  ලස්සන නම්,Sanath Nandasiri,Movie Songs,Karunarathna Abeysekara,Sarath Dasanayaka,C minor,6/8,"ලස්සන නම් නෑ පෙනෙන්නේ 
ඉස්සර සුවඳයි දැනෙන්නේ 
එදා සොඳුරු ප්‍රිය දසුන් 
මෙදා සිහිනයකි කසුන් 
මතක් වුනත් අමිල සතුටකී 
ලස්සන නම් නෑ පෙනෙන්නේ 
උකුල් තලා සලා නාරිලතාවෝ 
අමල් සිනා නැගූ රන් චාරුලතාවෝ 
වැයූ වගේ හවුල් වී  ගැයූ රගේ කොවුල් 
ගියේ ඔවුන් ලඳුන් කොහේදෝ 
සවන් පුරා පිරීලා වස්දඬු රාවේ 
සුසුම් හෙලයි සිතාරේ නෙත් යුග නෑවේ 
සිතූ සිතුම් සිඳීලා  පැතූ පැතුම් බිඳීලා 
ජීවිතේ ගමන් විලාසේ",1,සුසුම් හෙලයි සිතාරේ නෙත් යුග නෑවේ ,සිතාරයේ නාදයට දෑසට කඳුලු ඒම,නෙත් යුග නෑම,කඳුලින් ඇස් පිරීම
Hichchi Nage | හිච්චි නගේ,Sanath Nandasiri,Duets,Wimal Jayashantha,Sanath Nandasiri,F minor,6/8,"හිච්චි නගේ හිච්චි නගේ 
හිච්චි නගේ බාලේ හිද හැංගි හොරා 
ලපටි හිතින් මට මතකයි විහිළු කළා 
හිතට හොරා මල් පිපුණා ආල නුරා 
අද මොකදෝ මං දුටුවම වෙනස්‌ වෙලා 
හිච්චි නගේ හිච්චි නගේ 
කොළඹ රටේ ඔබ ඉන්නා සුනංගුවේ 
ගම් පියසේ මං හිටියේ විලංගුවේ 
රෑ යාමේ හමුවී මට දෙවොල් පොලේ 
ලොකු මාමා ඇයි තරහින් දොස් කීවේ 
හිච්චි නගේ හිච්චි නගේ 
දුරස් වෙලා සිටියත් ඔබ කොලොම්පුරේ 
හද සුවඳයි රැඳුනේ හද නිරන්තරේ 
හරස් වෙලා හැමදෙනාම කිමද නගේ 
ඔබෙයි මගෙයි ආදර ලොව පලුදු කලේ 
හිච්චි නගේ හිච්චි නගේ 
හිච්චි නගේ හිච්චි නගේ",1,හිතට හොරා මල් පිපුණා ආල නුරා,නොදැනීම ආදර සම්බන්ධතාවයක් ඇතිවීම,මල් පිපීම,ආදරයක් ගොඩනැගීම
Ganga Jale – ගංගා ජලේ,Sanath Nandasiri,New Pop,Ajantha Ranasinghe,Nimal Jayakody,D,4/4,"ගංගා ජලේ කින්නරා අංගනා 
නිල් ගං ජලේ හැංඟුනා 
ඒ කින්නරා කවුරුදෝ ඔබ විනා 
මා මන් බැඳී රංජනා 
ඔබ ඉන්නවානේ පියුමක් රනින් 
ගංගා ජලාසේ පිපුණා ලෙසින් 
තෙත්වූ දුහුල් සළුවෙන් එතී 
ඔය පංච පෙම් කල්‍යාණ රූ 
මගෙ දෑස ආශාවෙන් බන්දා තියා 
හිංසා කරන්නේ ඇයි රිදුවා හැඟුම් 
දිය බේරිලා සැලෙනා ඔබේ 
වරලේ අහෝ දැවටෙන්න හෝ 
මට වාසනා නැතිදෝ සඳ කින්නරී 
දුල්වන් රුවින් පිරිපුන් මන්දෝදරී 
ගංගා ජලේ කින්නරා අංගනා 
නිල් ගං ජලේ හැංඟුනා 
ඒ කින්නරා කවුරුදෝ ඔබ විනා 
මා මන් බැඳී රංජනා 
ඔබ ඉන්නවානේ පියුමක් රනින් 
ගංගා ජලාසේ පිපුණා ලෙසින් 
රූ ශ්‍රී ඔබේ මව මවා සිත් ලෙනේ 
මා තවුතිසා රාජ්‍යයේ",0,,,,
Koho Koho | කොහෝ කොහෝ,Sanath Nandasiri,Duets,Ajantha Ranasinghe,Sanath Nandasiri,Eb major,6/8,"කොහෝ කොහෝ කොහේ ඉඳන් කොහෝ කියනවදෝ 
අපේ ගමේ රබන් පදේ උඹට ඇහෙනවදෝ .. 
කජු නාඹර රස මී අඹ ගස් යට වැහි වැහැලා 
කොහෝ අන්න අර බලපන් මී වද පැණි පිරිලා 
කොහෝ කොහෝ කොහේ ඉඳන් කොහෝ කියනවදෝ 
බක් මාසේ මඟුල් නැකැත් මටත් කියනවදෝ 
රබන් හඬට බමරු නටන ලස්සණ ගම් මැද්දේ 
කොහෝ උඹත් ගී කියපන් සිංහල අවුරුද්දේ 
කොහෝ කොහෝ කොහේ ඉඳන් කොහෝ කියනවදෝ 
අවුරුද්දට අපේ දිහා නෑගම් එනවදෝ ...",0,,,,
Dangakara Oya Dasa | දඟකාර ඔය දෑස,Sanath Nandasiri,Old Pops,Sunil Gunawardhana,Ranjith Perera,D major,3/4,"දඟකාර ඔය දෑස දුටුවා එදා 
දුර ඈත පාසල් වියේ 
නොදැනීම අපගේම සිත් යා වුණා 
දසුනින්ම හසුනක් මවා  
උදයේ හවා ඔබ හමු වී එදා 
දෙඩුවා බැඳීලා සෙනේ  
දෙකොපුල් විලේ හසරැල් පිපී 
සතුටින් කල් යා වුණා 
සසරේ සදා අප බැඳෙමුයි පතා 
වැඩුණා හදේහී සෙනේ  
නිලුපුල් නෙතේ හසරැල් මැකී 
කඳුලින්ම වෙන් වී ගියා",1,සිත් යා වුණා,ආදරයක් ඇති වීම,යාවීම,බැඳිමක් ඇති වීම
Dewram Wehere |  දෙව්රම් වෙහෙරේ,Victor Rathnayaka,Buddhist songs,Premakeerthi De Alwis,Victor Rathnayaka,D minor,4/4,"දෙව්රම් වෙහෙරේ හිමි වැඩ සිටි සමයේ 
මා සිටියානම්  
සමිදුනි ඔබ පිළිසරණ පතා 
මම‍ එමි බවදුරු කතර ගෙවා 
සහසක් දොම්නස් දුක් ගිනි අතරේ  
දැවෙන මහද සිතිවිලි ගිණි අදුරේ 
සමිද ඔබේ පිළිරුව දුටු පමණින් 
නිවී නිවී යන අරුමය කිමදෝ 
ජීවමානවම හිමි දැක ගන්නට  
මා නෙත කල පින් මද බව වැටහිනි 
එහෙයින් හිමි අනුරුව අභියස සිට 
බවුන් වඩමි ‍මෙත් බුදුන් දකින්නට",1,සහසක් දොම්නස් දුක් ගිනි අතරේ,ඉතා විශාල දුකක්,දුක් ගිනි,දැඩි දුක
Mala Gira Gela |  මාල ගිරා ගෙල,T.M.Jayarathna,Classics,Ajantha Ranasinghe,Premasiri Khemadasa,D major,,"මාල ගිරා ගෙල මාල පොටක් බැඳි  
ගෝමර පෙති මාලේ  
පාට සරුංගල් පාට නෙලා…. ගෙන  
රුව දිලෙනා ලීලේ 
වතුසුදු මල සේමා වත රූසිරු බෝමා  
කෝල කොමල වරුනේ සිත බැඳුනා ලඳුනේ   
කදිම උවම් යොදලා කව් සීපද ගොතලා  
හීතල දුරුතු මහේ  කියමුද අපි ලඳුනේ  
කෙකටිය සුදට සුදෝ  හිරිමල් කැකුළු මුවින්  
ටිකිරි හිනා බිංදූ  මට දෙනවද ලඳුනේ",1,වතුසුදු මල සේමා වත රූසිරු බෝමා ,ඉතා අලංකාර මුහුණ,වුතුසුදු මල,අලංකාර හෙවත් දීප්තිමත් මුහුණ
Hade Kothanaka | හදේ කොතැනක,Sunil Edirisinghe,,Kumaradasa Saputhanthri,Rohana Weerasingha,C major,4/4,"හදේ කොතැනක හෝ හිඳී ඔබ 
නිදා නොනිදා මෙන් 
බලා අවසර සොයා කල් දැන 
වෙලා හස රැහැනින් 
පෙළයි මා, මුදා සුව දැහැනින්  
සයුර ඉම රත් සිතිජ රේඛාවේ 
මියෙන හිරු සේ ගිලී ගිම් අඳුරේ 
තලා මා සිත පලා ගිය ඔබ 
දවයි මා….හද, තනිවෙනා මොහොතින් 
උතුම් පිවිතුරු ප්‍රේමයේ නාමෙන් 
සහස් සුවහස් පැතුම් බල මහිමෙන් 
ඉනූ කඳුලද සිඳෙන්නට පෙර 
යදින්නම්…. ඔබ, මැකී යනු මතකෙන්",1,මියෙන හිරු සේ ගිලී ගිම් අඳුරේ,ජීවිතය අඳුරට පත්වීම,මියෙන හිරු සේ,අඳුරට පත්වීම
Epa Yali Hamuwanna | එපා යළි හමුවන්න,Sunil Edirisinghe,Current Songs,Dishan Nanayakkara,Karunarathna Wijewardhana,D major,5/8,"එපා යළි හමුවන්න ජීවිතේ ගමන් මඟ 
ඔබෙන් මට උරුම වූ වේදනා කඳුළු ගඟ 
හිරු සිනාසෙන ලොවක පැතුම් මල් දෙවැට ලඟ 
ඔබේ ජීවන සුවඳ අරන් ඈතට යන්න 
සංසාර ගමන් මඟ සෙනෙහස සොයා දිනක
ආ ගමන නිමා කල ඔබේ හදවත ගාව 
සෙනෙහසේ අවසාන කඳුළු බිඳුවක පහස 
ගලා යයි අතීතේ මිය ඇදුණු සොහොන ලඟ 
ඔබ මවෙත තිළිණ කල ඔබේ බැතිබර සුවඳ 
මගේ මතකය වසා සදා කල් රැඳෙනු ඇත 
සංසාරයේ යළිදු නවාතැන් සොයායන 
මගේ මළගමදාට ඇවිත් යන්නට එන්න",1,කඳුළු ගඟ,විශාල කඳුළු ප්‍රමාණයක්,ගඟ,විශාල ප්‍රමාණයක්
Hada Parana Rudu – හද පාරනා රුදු,Sunil Edirisinghe,New Pop,Kularathna Ariyawansa,Sarath De Alwis,G minor,4/4,"හද පාරනා රුදු වේදනාවන් 
කුරිරු වූ ලෝකෙන් 
නැගෙනා පැයේ නොසැලී හිඳින්නම් 
මා සිනා දෑසින් 
තනිව නැගෙද්දී පෙරට ඇදෙද්දී 
මාවත අවුරණ ලොවක මෙසේ 
තනිවූ දෙපයින් ජීවිතයේ 
බාධක දිනන්නෙමි 
පහර වදිද්දී සැවොම රිදුම් දී 
ඒ සිත හඬවන ලොවක මෙසේ 
තනිවූ දෑසින් යායුතු වූ 
මාවත දකින්නෙමි",1,තනිවූ දෙපයින් ජීවිතයේ,ජීවිතය ගටගසා ගැනීමට අසීරු වීම,තනිවූ දෙපයින්,අසීරුවෙන්
Duwe Numba mage | දුවේ නුඹ මගෙ,Sunil Edirisinghe,Classics,Bandara Ahaliyagoda,Rohana Weerasingha,F major,4/4,"දුවේ නුඹ මගෙ ප්‍රාණයයි 
සැබෑ වුණ සුබ සිහිනයයි 
සෙනෙහසින් කුලගෙට පියනගන්නේ 
සනුහරේ අභිමානයයි  
මං මලක් ලෙස නුඹ නොහැදුවේ 
පෙති හැලී පරවෙන නිසාමයි 
දුක දිනා හිනැහෙන හැටි දුවේ 
නුඹ දැන උගත් පාඩම තමයි 
මිල මුදල නිල බල යා නොදෙයි 
මිල මුදල නිල බල යා නොදෙයි 
කළ හොඳම විතරක් ඉතිරිවෙයි  
කළ හොඳම විතරක් ඉතිරිවෙයි 
අප මී මුතුන් මිත්තන් එදා 
සිය ලේ කඳුළු දහදිය පුදා 
පරපුරෙන් පරපුරට රැගෙන ආ 
ඒ ගෞරවය මගෙ දුව තමා 
නුඹ යන්නෙ හිස් දෑතින් නොවේ  
නුඹ යන්නෙ හිස් දෑතින් නොවේ 
ගෙනියන්නෙ ඒ අභිමානයයි  
ගෙනියන්නෙ ඒ අභිමානයයි",1,මං මලක් ලෙස නුඹ නොහැදුවේ,අසීරුතාවන්ට මුහුණ දීමට ඉඩ සලසා දෙමින් හදා ගැනීම,මල,ළාමක ලෙස
Devole Nokalal | දෙවොලේ නොකැළැල්,Sunil Edirisinghe,Old Pops,Sunil Ariyarathna,H.M.Jayawardhana,Eb major,4/4,"දෙවොලේ නොකැළැල් පිදු ආදර මල් 
සුවඳින් මනකල් පිබිදෙමි හැමකල් 
මලෙකින් මලකට ඇදෙමින් නොඉඳුල් 
නිගා දෙවයි පෙම් ලොවටම මිහිලුන් 
එක මලකින් පමණක් රොන් ගන්නම් 
අන් මල් මත නොතබා උණු කඳුළැල් 
පවසට ඵල නැත සයුරේ රළ වැල් 
දිය දෝතක් ගමි දොලකින් සිහිලැල් 
පීඩිත වී සිටිනා සඳ අඳුරේ 
ඔබ පමණයි ගෙන ආවේ හසරැල්",0,,,,
Dewedi Dennata | දෑවැදි දෙන්නට,Sunil Edirisinghe,Old Pops,Premakeerthi De Alwis,Rohana Weerasingha,F minor,4/4,"දෑවැදි දෙන්නට රන්මසු පොදි නැති 
ගෙදරට බර වුණු බාල නඟේ 
නුඹ ගෙනියන්නට ගමෙත් කෙනෙක් නැහැ 
රටෙත් කෙනෙක් නැහැ බාල නඟේ  
විරසක වීලා විරහ අපලයෙන් 
නුඹෙ ඉරණම නුඹ ළඟට නොයේ 
නිදිබර දෑසයි දැලි ගෑ මුහුණයි 
ලිප මුල්ලේ යෞවනය ගෙවේ 
රන්දම් පැලඳිය යුතු ගෙල වටකර 
නවගුණ වැල පෝ දිනට බැඳේ 
දීගෙක ගියදා නුඹට දැනේවී 
තනිකඩකම කොච්චරද අගේ",1,නුඹ ගෙනියන්නට ගමෙත් කෙනෙක් නැහැ,විවාහ වීමට කෙනෙක් නැත,ගෙනියන්නට,විවාහ වීමට
Devani Budun Lesa | දෙවැනි බුදුන් ලෙස,Sunil Edirisinghe,Classics,Sunil Ariyarathna,Rohana Weerasingha,D minor,4/4,"දෙවැනි බුදුන් ලෙස ලොවම උවම් කල 
ලොවක පිදුම් ලද ලොවට උතුම් ලඳ 
අම්මා... අම්මා...අම්මා 
දෙසවන් සනහා මා නැලවූ ඔබ 
මියුරු මියැසියේ අරුත කියා දුනි 
ඒ මියැසිය අද මා ගයනා විට 
මා සිපගන්නට ඔබ මා ලඟ නැත 
අම්මා... අම්මා...අම්මා 
ඇසට හඬන්නට කඳුලැලි දුන් ඔබ 
ලතැවුල් දරනා දිරිය ලබා දුනි 
ඒ දිරියෙන් ලොව ජය ලබනා විට 
මා සිපගන්නට ඔබ මා ලඟ නැත 
අම්මා... අම්මා...අම්මා",0,,,,
Chandra Mandale | චන්ද්‍ර මණ්ඩලේ,Sunil Edirisinghe,Classics,Rathna Sri Wijesinge,Rohana Weerasingha,C minor,6/8,"චන්ද්‍ර මණ්ඩලේ සැතපුණ පුංචි සාවියේ 
මන්ද කියාපන් නොකියා හැංගිලා ගියේ 
පාන නිවුන සේ පාළුයි ලැයින් කාමරේ 
මන්ද නුඹ ගියේ කියපන් පුංචි සාවියේ 
ලාභ රත්තරන් දිලිසෙන පාළු වීදියේ 
ගෑනු ළමයි පියාඹලා ඉස්සරත් ගියේ 
උන්ට සෙයිලමේ මඟතොට පාර වැරදුණේ 
අන්න ඒ නිසයි මට දුක රත්තරන් දුවේ 
මාල බැඳන් සුදු යකඩෙන් රෝස මල් වනේ 
මාල ගිරව් ගේ දොරකඩ සිංදු කිව් වෙලේ 
හීනෙනුත් හිතුනෙ නෑ මට මොකද කාරණේ 
පාර මතකනම් තාමත් ගේ ලඟයි දුවේ",1,මන්ද කියාපන් නොකියා හැංගිලා ගියේ,නිවසට නොකියාපලා යාම,⁣හැඟීම,පලා යාම
Chandra Madala | චන්ද්‍ර මඬල,Sunil Edirisinghe,Old Pops,Kularathna Ariyawansa,Rohana Weerasingha,F minor,6/8,"චන්ද්‍ර මඬල බැද්ද වටින් මෝදු වෙලා 
කළු නැන්දගෙ දුව යන්ට ගියා  
බැල්ම හෙලා   බැල්ම හෙලා  
පාළු පැලේ අඳුර පිරේ 
මගෙ පැලට වරෙන් හනික සෝඩි නඟේ  
දුරුතු හඳේ සිහිල වගේ 
තනි හිතට මගේ පාළු දැණෙයි නඟේ",1,"දුරුතු හඳේ සිහිල වගේ
තනි හිතට මගේ පාළු දැණෙයි නඟේ",පාඵවක් දැනීම,දුරුතු සඳේ සීතල,පාළුව
Awapasa Ahasaka | අවපස අහසක,Sunil Edirisinghe,Old Pops,Kularathna Ariyawansa,Rohana Weerasingha,G major,2/4,"අවපස අහසක තරු ලකුණක් සේ 
අපමණ සයුරක තුරු දසුනක් සේ 
දිගු දිවි ගමනේ ඉම ඔබ රැඳුණේ  
මාවත අවහිර නිමවා 
දළ රළ පෙල සැතපෙනවා 
සැළමුතු සෙනෙහස මඳ පවනක් වී 
ගැඹරේ නිම මුමුණනවා 
දෝතක අසෙනිය ගවසා 
ඔබ පෙරමඟ හිනැහෙනවා 
විකසිත සිහිනේ සුබ කවියක් වී 
දෙනෙතේ සිත ලියැවෙනවා",1,අවපස අහසක තරු ලකුණක් සේ ,බලාපොරොත්තුවක් නැති විට දුන් බලාපොරොත්තුවක්,අවපස අහසේ තරුව,බලාපොරොත්තුව
Asuweda Kaurun Ho | ඇසුවේද කවුරුන්,Sunil Edirisinghe,Classics,Kumaradasa Saputhanthri,Rohana Weerasingha,F major,4/4,"ඇසුවේද කවුරුන් හෝ නුඹෙන් 
හැඬුවේ ඇයි ද ප්‍රේමේ නමින් 
විමසා නැතිද කිසිදා ඔබත්  
කඳුලින් තුරන්වූ ප්‍රේමයක් 
සතුටේ උපත කඳුලයි සදා  
හද වේදනා දෝතින් ගෙනා 
පවනේ සිසිල සුසුමයි සිතේ 
පෙම් ප්‍රාර්ථනා විදදා ගෙනා 
පිපි මල් මතින් පියමන් කලෝ 
දිනුවේද කවදා ප්‍රේමයෙන් 
විදි වේදනා සතුටින් දරා 
පැරදී ගියේ කවුදෝ එයින්",1,පවනේ සිසිල සුසුමයි සිතේ,සිතේ වේදනාව,පවනේ සිසිල,පාලුවත් සමඟ ආ වේදනාව
Ahasai Oba Mata | අහසයි ඔබ මට,Deepika Priyadarshani,Duets,Bandula Nanayakkarawasam,Rohana Weerasingha,F major,2/4,"අහසයි ඔබ මට නිම් හිම් නොපෙනෙන  
හිනිමන් බදිනු බැරි 
පොළොවයි ඔබ මට තරුවක් විලසට  
රෑකල පතිත වෙමි 
ගඟේ වතුර නැ ඉහලට ගලා ගියේ 
අසනි හඩින් නැ කදුබිම් සසල වුනේ 
ගඟ කවදා හෝ මුවදොර හමුවෙනවා 
ලොව කැළඹුන දා කදුබිම් හැකිලෙනවා 
‍අනාත සයුරක වැහිදිය දෝත ඔබයි 
අගාත අඳුරක දොල රන් සිළුව ඔබයි 
ඔබ මට ලඟ බව ඉදුරා මම දනිමි 
ඔබ වට කහවනු පවුරට මහ දුරකි",0,,,,
Ahasa Polawa | අහස පොළව,Sunil Edirisinghe,Old Pops,Yamuna Malani Perera,Rohana Weerasingha,G major,6/8,"අහස පොළව වටපිටාව හරිම හිස්තැනක් 
ගහක් කොළක් දියක් නොමැති කාන්තාරයක් 
ඇදී එන්න ඒ මොහොතේ  
හඬාවැටෙන හද මඬලට 
ඔබයි මමයි ඉන්නා තැන කොහිද තනිකමක් 
නැහැනේ තනිකමක් 
කනට මිණක තරුවක රුව 
නොපෙනුනි ඔබ දකින තුරා 
ලොවක සිරිය නොදුටිමි මා  
ඔබෙ සෙනෙහස ලබන තුරා 
විලක දොලක සුව නොලදිමි 
ඔබ මා හා රැඳෙන තුරා 
මලෙක සුවඳ ඇත මසිතේ 
ඔබ මා ළඟ සිටින තුරා",1,අහස පොළව වටපිටාව හරිම හිස්තැනක්,ඇය නොමැති විට විශාල අඩුපාඩුවක්,හිස්තැනක්,අඩුපාඩුවක්
Ada Deegeka | අද දීගෙක,Sunil Edirisinghe,Old Pops,Dharmasiri Gamage,Rohana Weerasingha,F major,6/8,"අද දීගෙක ගිය නුඹ මට බුලත් අතක් දීලා 
යන්න පිටත් වූ මොහොතේ මගේ දෙපා වැඳලා 
එතෙක් සිනහවෙන් සිටි මා කොහෙදෝ තනි වීලා 
නෙතේ කඳුළු සිරකර ගෙන සිටියෙමි ඉවසාලා 
පුංචි නංගියේ, මගේ පුංචි නංගියේ  
පුංචි නංගියේ, මගේ පුංචි නංගියේ 
මා සිටියත් ඉවසා ගෙන නෙතේ කඳුළු නොසලා 
අප දෙන්නා දිහා බලා උන් අම්මා දැකලා 
ඇගේ නෙතින් කඩා හැළුණු කඳුළු මතක් වීලා 
කවුරුත් නැති තැනකට වී හැඬුවෙමි තනි වීලා 
පුංචි නංගියේ, මගේ පුංචි නංගියේ  
පුංචි නංගියේ, මගේ පුංචි නංගියේ",0,,,,
Lokaye Rudu |  ලෝකයේ රුදු නෙත්,T.M.Jayarathna,Old Pops,Kularathna Ariyawansa,H.M.Jayawardhana,E minor,,"ලෝකයේ රුදු නෙත් වසා   
ස්නේහයේ හසරැල් සලා  
මා සොයා පැමිණෙන්න සොඳුරිය  
රෑ සඳේ කඳුලක් වෙලා… 
මා දෑස අවුරා ඔබ දෑස සඟවා  
සහසක් නුවන් දැල්විලා 
මා දෑස අවුරා ඔබ දෑස සඟවා  
සහසක් නුවන් දැල්විලා 
මේ කුරිරු ලෝකෙන් පාවී හමා රෑ  
යාවෙන්න පවනක් වෙලා 
රෑ සීත අඳුරේ මේ සොඳුරු යාමේ  
පාළුව දැනී තනිවෙල 
රෑ සීත අඳුරේ මේ සොඳුරු යාමේ  
පාළුව දැනී තනිවෙලා 
මා තැවෙන යාමේ මේ පාළු කුටියේ  
දැවටෙන්න සුවඳක් වෙලා",1,රෑ සඳේ කඳුලක් වෙලා,දුක නිවීමට පැමිනෙන්න,කඳුලක් වෙලා,දුක නිවීමට
Kunda Saman |  කුන්ද සමන්,T.M.Jayarathna,Old Pops,Clarence Wijewardena,Clarence Wijewardena,E major,,"කුන්ද සමන් මල් මල් රැන්දු සිනාවා  
කන්ද උඩින් පෑයූ චන්ද්‍ර සිනාවා  
නෙල්ලි කැලේ හැංගී ඉන්න කුමාරී  
පින්න පිපුනු සීතේ එන්න සිනාසී  
රංචු බිඟුන් සේනා  කැන්දු සිනාවා  
පුංචි සමන් මල් රොන් බිංදු සිනාවා 
පිපි මලසේ.හිමිදිරියේ.ඔසරි පොටේ 
සුදු නෙරියේ..හිත දැවටේ.සිලි සිලියේ 
මට නොදැනී.මට අමතා.පටු නළලේ  
කියඹු ලතා.මුදු මුදුසේ.සැලෙන ලතා",1,කන්ද උඩින් පෑයූ චන්ද්‍ර සිනාවා ,කන්ද උඩින් හඳ පෑයීම,චන්ද්‍රයා සිනාසීම,හඳ පෑයීම
Hiruta Horen |  හිරුට හොරෙන්,T.M.Jayarathna,Old Pops,Kularathna Ariyawansa,Rohana Weerasingha,Ab major,,"හිරුට හොරෙන් සඳුට හොරෙන්  
තරු මල් උයනේ  
ලොවට හොරෙන් සැදූ ලොවයි  
අපේ ආදරේ... 
ඔබේ නුවන් තරු එලියෙන්  
ඒ ලෝකයේ සිරි නරඹන්නම්  
 තවත් කුමටදෝ එළියක්  
මගේ ලෝකයේ  
ඔබේ වදන් අමසරයෙන්  
ඒ ලෝකයේ නද රැව්දේ නම්  
 තවත් කුමටදෝ මිහිරක්  
 අපේ ලෝකයේ",1,වදන් අමසරයෙන්,මිහිරි වූ කටහඩින්,අමරස,මිහිර
Ko Ma Pathu |  කෝ මා පැතූ,T.M.Jayarathna,Classics,Ranjith Weerasinghe,Premasiri Khemadasa,D major,,"කෝ මා පැතූ ඔබෙ ආදරේ  
කෝ මා පැතූ ඔබෙ ආදරේ  
කෝ මා පැතූ 
ආවේ එදා මා තනිවී ලොවේහී  
නැතිවී ගියා ඒ හැඟුමන් මෙහී… 
යළි මා අනාතයි උතුරා ගලා යයි සංවේදනා  
ඈ හා අතීතේ ගැයු ගීත රාවේ  
මුසුවී ඇසේවා සුළඟේ පවා...  
කෙවිලී කැදැල්ලේ කොවුලා ඉගිල්ලේ  දැන් ඈ දමා 
පායා පහන් වූ රන් තාරකාවෝ  
අඳුරේ දමා මා නොපෙනී ගියා...  
කවදාද ආයේ පායා දිලෙන්නේ  රන් තාරකා",1,ඈ හා අතීතේ ගැයු ගීත රාවේ,ඇය හා අතීතයේ කතා කල දේ,ගීත රාවේ,කතා කල දේ
Jeewithe Amadhara |  ජීවිතේ අමධාරා,T.M.Jayarathna,Old Pops,Gamini Wijethunga,Premasiri Khemadasa,C major,,"ජීවිතේ අම ධාරා  උල්පතේ රස උතුරා 
කෝ සුපෙම් හස කැළුම් රස හැඟුම්  
මීවිතේ රස උතුරා                  
ආදරේ මල් උයනේ  නෑ ඔබේ හඬ ඇසුනේ  
පිපි කුසුම් මල් යහන් තුලට වී    
කොවුලනේ නාඬන්            
ඈත නිල්වන් ගුවනේ  පියාඹන ලිහිණියනේ 
මට කියන් තෙපි සොයා යන ලොවේ   
සෝ තැවුල් රැඳුනේ       
හමන පවනේ සඟවා  මගේ පාළුව රහසේ 
ඇත එවා ඔබ සොයා පිය ළඳේ  
මීවිතේ රස උතුරා",1,ජීවිතේ අම ධාරා,ජීවිතයේ සතුට,අම ධාරා,සතුට
Hemin Sare |  හෙමින් සැරේ,T.M.Jayarathna,Classics,Dharmasena Pathiraja,Premasiri Khemadasa,A minor,,"හෙමින් සැරේ පියා විදා 
සුමුදු සයනේ සිනිදු ඇතිරිල්ලෙන් 
පලා ඇවිත් සිතුම් සියොතුන් 
සුමුදු සයනේ සිනිදු ඇතිරිල්ලෙන් 
හා..හහ හා..හ හා…හ හා..හ හා..හා.. 
මලක් නම් එය මලක් වුව මැන 
සිනිදු සුකුමල….ආඅ ආ රුවෙන් සරසන 
විලක් නම් එය විලක් වුව මැන 
නීල ඉදුවර….ආඅ ආ දියෙන් උපදින  
නැවුම් වත්සුනු රොනින් මත්වී 
නීල නිම්නය….ආඅ ආ සුපුෂ්පිත වී 
සිහින් හඬකින් මහද අමතයි 
මුදා හැරදා….ආඅ ආ පවුරු සිඳි යහනේ",0,,,,
Hadissiye |  හදිස්සියේ,T.M.Jayarathna,Old Pops,Camilas Perera,Clarence Wijewardena,Eb major,,"හදිස්සියේ හනි හනිකට පය තබනා  
රුවැත්තියේ නුඹ සිටිනා ගම කොතැනා... 
දෑත සලා කිංකිණි හඬ දෙවන්නී  
දෑස සලා මොනමොනවද කියන්නී  
‍          
යටින් හොරෙන් එබිකම්කර බලන්නී  
ළඳේ නුඹයි මගෙ දුක් ගිනි නිවන්නී  
රෑන කිතුල් මල පිට මැද හෙලන්නී  
සිහින් පබළුවැල් ගෙල වට බඳින්නී  
‍          
කෝල නැවුම් සිනා දැලක් එළන්නී  
ළඳේ නුඹයි මගෙ දුක් ගිනි නිවන්නී",1,හදිස්සියේ හනි හනිකට පය තබනා,හිදිස්සියේ දුවන,හනි හනිකට පය තබනා,දිවීම
Eka Sitha Dethanaka |  එක සිත දෙතැනක,T.M.Jayarathna,Old Pops,Kularathna Ariyawansa,Rohana Weerasingha,F major,,"එක සිත දෙතැනක නතර වෙලා  
ඔබේ සිතයි මගේ සිතයි  
දෙසිතම එකම සිතක් වී  
ඔබේ ලඟයි මගේ ලඟයි  
ඒ සිත දෙතැනක නතර වෙලා 
ලසෝ තැවුල් මැද ඔබ සැලෙනා විට  
මගේ නෙතද වැළපේ  
සිනා තෙපුල් මැද ඔබ සැනසෙන සඳ  
මගෙ සිතද සැනසේ  
ඔබේ පැතුම මා පතනා ලොවමයි  
අපේ සිතුම් සම වේ  
ඔබෙ මගේ යයි වෙනසක් නොහැඟෙයි  
ඔබම යළිදු මම වේ",1,එක සිත දෙතැනක නතර වෙලා,දෙදෙනෙක් තුල ආදරයක් ගෙඩනැගීම,එක සිත දෙතැනක,දෙදෙනෙක් එකෙකු සේ
Degoda Thala |  දෙගොඩ තලා,T.M.Jayarathna,Old Pops,Ajantha Ranasinghe,Clarence Wijewardena,F major,,"දෙගොඩ තලා ගඟ ගලා 
මෙගොඩ ගොඩේ ඈ හිඳී 
තොටුපලේ ගං ඉවුරේ 
මා තනිවම මද අඳුරේ 
මේ ගඟ ගලා ගියේ 
අපි පුංචි ළමුන් දවසේ 
ඇගෙ දෙපා පවා ආදරෙන් දොවා 
ආදර ඒ ගඟ නෑ අද නෑ 
මේ ඔරු කඳේ නැගී 
බොර පාට දියේ තනිවී 
මා මෙහා ඉමේ ඈ එහා ඉමේ 
බාධක මේ ගඟ තාම ගලයි",1,මා මෙහා ඉමේ ඈ එහා ඉමේ,ඇය හමුවීම ඇතිවන බධාවන්,⁣දෙගොඩ සිටිය දී මැදින් ගඟ ගැලීම,බාධක දෙදෙනාව වෙන් කිරීම
Dayiwaye |  දෛවයේ සුළි සුළගේ,T.M.Jayarathna,Old Pops,Hemasiri Halpita,Clarence Wijewardena,D major,,"දෛවයේ සුළි සුළගේ වෙලී  
ජීවිතේ පැතු පැතුමන් සිඳී  
මා කෙරේ බැඳී සෙනෙහෙ බිඳී  
ඇය යාවි ඇදී ...  ඇය යාවි ඇදී 
පාළුවූ මා සිතින්   චේතනා ගිලිහෙමින්  
නිමවූ අපේ   ආදරේ වේදනා ගෙනේ  
වාලුකා මිරිගුවෙන්  මංමුලාවූ ලෙසින්  
තනිවී මෙසේ  මා ලයේ ප්‍රර්ථනා සිඳේ",1,දෛවයේ සුළි සුළගේ වෙලී,දෙදෙනාගේ ආදරය බිඳ වැටීම,සුළි සුළඟ,ආදරය බිඳ වැටීම
Amma Sandaki |  අම්මා සඳකි,T.M.Jayarathna,Classics,Malani Jayarathna,Rohana Weerasingha,G major,,"අම්මා සඳකි මම ඒ ලොව හිරුය රිදී  
ඒ ඉර හඳෙන් නුඹෙ ලෝකය එලිය වුනී  
රැකුමට පුතුන් දිවියේ දුක් ගැහැට විඳී  
පිය සෙනෙහසට කව් ගී ලියැවුනා මදී  
සිරුරේ දුවන්නේ මගෙ ලේ නොවැ පුතුනේ  
කුසයේ නොදැරුවත් දිවි බර මට දැනුනේ  
මහමෙරකට උසයි දරු පෙම හද පතුලේ  
පුදුමයි පුතුනි කිම මගෙ ලේ කිරි නොවුනේ 
මවකට මුවාවී නුඹ වෙත දිරි දුන්නේ  
මම වෙමි පුතුනි එය මා පමණයි දන්නේ  
පිය සෙනෙහස නැතිද දරුවනි හඳුනන්නේ  
අම්මාවරුන් පමණද මතු බුදු වන්නේ",1,අම්මා සඳකි මම ඒ ලොව හිරුය රිදී,මව සෙනෙ⁣හස ලබා දෙද්දී පියා රැකවරණය ලබා දීම,හිරු,රැකවරණය
Chandikamata Randuwak |  චන්ඩිකමට,T.M.Jayarathna,Old Pops,Kularathna Ariyawansa,Rohana Weerasingha,G major,,"චන්ඩිකමට රන්ඩුවක් වෙලා  
පුංචි පුතා ඉන්නෙ හැංගිලා... 
අයියට ගහලා  නංගිව විකලා  
යාළුවො ටික තරහා වෙලා  
සෙල්ලම් කරන්නේ කා සමගින්දෝ  
පුංචි පුතා දැන් තනිවෙනවා 
අයියයි නංගියි  යාළුවො ගොන්නයි  
සේරම හොඳ දරුවෝ වෙලා  
එකමුතු වුණා නම්  නේ හොඳ වෙන්නේ  
පුංචි ළමයි වස නෑ පැටියෝ",0,,,,
Anduru Kutiya Thula |  අදුරු කුටිය තුල,T.M.Jayarathna,Classics,P.S.Alawaththage,Premasiri Khemadasa,D minor,,"අදුරු කුටිය තුල දොරගුළු ලාගෙන  
ගයන ගීතිකා යදින යාතිකා දෙවියන් හට නෑසේ 
ඒ…….දෙවියන් හට නෑසේ 
පොලව කොටන තැන පාර තනන තැන  
ගිනියම් අව්වේ මහ වරුසාවේ දෙවියෝ වැඩ ඉන්නේ 
ඒ…….දෙවියෝ වැඩ ඉන්නේ 
බලන් කඩතුරා හැර දෑසේ 
සිනිදු සුවැති සළු සිරසින් හැරදා 
දූවිලි මඩ වැකි පිළි ගත පලදා 
දෙවියන් රුව දක්නට හැක්කේ  
හ හා…ආඅආඅ ආඅආඅ ආඅආඅ  ආ.. 
කුසුම් සදුන් දුම් සුවදින් වැලකී 
ගත නැගි දාඩිය සුවදින් සැරසී 
දෙවියන් හා එක්විය හැක්කේ 
හ හා…ආඅආඅ ආඅආඅ ආඅආඅ  ආ..",1,බලන් කඩතුරා හැර දෑසේ,දෑස විවර කර හොඳින් අවධානයෙන් දකින්න,කඩතුරා හැර,හොඳ අවධානෙන් දකින්න
Ae Neela Nethu |  ඈ නීල නෙතු සලා,T.M.Jayarathna,Old Pops,Malani Jayarathna,Rohana Weerasingha,E major,,"ඈ නීල නෙතු සලා මා දෑස මත් කළා  
සේයා මවා ඒ ආදරේ  ආයාචනා…..ආ 
ඈ නීල නෙතු සලා  
පාවී ගියා   ඒ වේදනා    දෑසේ මවා මේ චේතනා  
ආරාධනා 
පාවී ගියා   ඒ වේදනා දෑසේ මවා මේ චේතනා  
ආරාධනා 
පාවී ගලා  පවනේ පවා   රාවේ ඇසේ ඒ ගීතිකා 
ආරාධනා 
පාවී ගලා පවනේ පවා  රාවේ ඇසේ ඒ ගීතිකා 
ආරාධනා",0,,,,
Detholaga Sinaha – දෙතොළග සිනහා,Victor Rathnayaka,Old Pops,W.M.T.Bandara,Victor Rathnayaka,E,2/4,"දෙතොළග සිනහා ආදර කැල්මෙන් නැහැවේ 
පෙම්රස අනා අමුණයි සුන්දරතාවේ 
නුවනග බැලුම් නිහඬව ගැයු ගී රාවේ 
මදුරස පිරේ සවනත මී විත යාවේ 
දේදුනු දෙබැමේ නැළවෙන සිත සුව යහනේ 
මිහිරක් දැනේ………. හදවත අඩ සඳ පහනේ 
ලෝ තූල සදා මිය යන මල් පිපි සෙවනේ 
ඔබ මට මදාරා……… මලකිය පිය ලඳුනේ",1,ආදර කැල්මෙන් නැහැවේ,සිනහව නිසා ආදරයක් දැනීම,කැල්මෙන් නැහැවීම,ප්‍රාණවත් වීම
Daiwayogayakin |  දෛවයෝගයකින්,Victor Rathnayaka,Classics,Sunil Ariyarathna,Victor Rathnayaka,G major,4/4,"දෛවයෝගයකින් නොවේදෝ 
හමුවුණේ අප හමු වුණේ 
දෛවයේ සරදම් ලබන්නට 
කිම මෙසේ අප හමුවුණේ  
ඇදුරුතුමියයි ප්‍රේමයේ ඔබ 
ඇදුරුතුමියයි යෞවනේ 
ශෝකයේ රුදු වේදනාවේ 
කඳුළු සයුරේ උල්පතයි 
නඳුන් උයනයි ස්නේහයේ ඔබ 
සඳුන් සිලිලයි ජීවිතේ 
සොම්නසේ ආනන්දයේ 
හසරැල් තරංගේ උල්පතයි",1,දෛවයේ සරදම් ලබන්නට,නොසිතූ ලෙස ආදරය නැති වීම,සරදම් ලබන්නට,නොසිතූ ලෙස ආදරය නැති වීම
Budu Hamuduruwo |  බුදු හාමුදුරුවො,Victor Rathnayaka,Buddhist songs,Rambukkana Siddhartha Thero,Victor Rathnayaka,E minor,4/4,"බුදු හාමුදුරුවො අපිත් දකින්නැති  
බණත් අහන්ඇති ඒ කා‍ලේ 
නිවන් දකින්නට පිං මදි වෙන්ඇති 
එකයි තවමත් සංසාරේ 
දෙව්රම් වෙහෙරට යන්න එන්න ඇති 
බුදුන් වදින්ට ඒ කාලේ 
නිවන්දකින්නට පිං මදි වෙන්ඇති 
ඒකයි තවමත් සංසාරේ 
අපිත් එක්ක සිටි අපේම යාළුවෝ 
නිවන් දකින්ඇති ඒ කාලේ 
මෙතේ බුදුන් දැක නිවන් දකින්නට  
පිං පුරවමු අපි සංසා‍රේ",0,,,,
Asha Nirasha Mawu |  ආශා නිරාශා මැවූ,Victor Rathnayaka,Golden Oldies,Ajantha Ranasinghe,Victor Rathnayaka,E minor,6/8,"ආශා නිරාශා මැවූ ඈ ස්වප්න මායාවකී 
ස්නේහේ ගඟුල් ප්‍රේමේ තැවුල් 
මැවූ ඉන්ද්‍රජාලේ ඇයයි  
දවාලන්න පෙම්මාරුතේ  
ඇයයි ළංව ඉන්නේ සිතේ 
නිවාලන්න දුක් ජීවිතේ  
ඇයයි නිල්ල මල් මාවතේ 
දිවා රැයේ මා ළඟයි මගේ අරුම පෙම් අංගනා 
නෙතේ හැංගි හැංගී හිඳී  
සිතේ ස්වර්ණ යහනේ නිදී 
මුවේ මන්දහාසේ දිදී      
මගේ නින්ද ආයේ බිදී 
දිවා රැයේ මා ළඟයි මගේ අරුම පෙම් අංගනා",1,ආශා නිරාශා මැවූ ඈ ස්වප්න මායාවකී,සිහිනෙන් පවා මතක් වීමට ඇය තුල තිබූ සුන්දරත්වය,ස්වප්න මායාව,සුන්දරත්වය
Api Hangum Walata |  අපි හැඟුම් වලට,Victor Rathnayaka,Golden Oldies,Premakeerthi De Alwis,Victor Rathnayaka,D minor,4/4,"අපි හැඟුම් වලට ඉඩදී මොහොතක්‌ 
ඉඩ ලබාගනිමු තරමින් වියතක්‌ 
හඳ පානේ මද අඳුරේ අත් පටලා යමු ආයේ 
අත් පටලා යමු ආයේ 
ඔබ ඔබෙ හෙවණැල්ලෙන් මිදී 
මම මගෙ හෙවණැල්ලෙන් මිදී 
 අවුදින් හිමින් රහසින් මුමුණා 
හඳ පානේ මද අඳුරේ  
හඳ පානේ මද අඳුරේ…… 
හිරකර හසරැල්ලෙන් හැඩුම් 
අපි හිනැහෙමු සපුරා පැතුම් 
 මතු ආත්මයේ හමුවෙන පැතුමින් 
යමු වෙන්වී හිමිදිරියේ 
හඳ පානේ මද අඳුරේ……",1,ඔබ ඔබෙ හෙවණැල්ලෙන් මිදී,ඔබ රහසේ පැමින,සෙවනැල්ලෙන් මිදීම,රහසින්
,Victor Rathnayaka,Buddhist songs,Premakeerthi De Alwis,Victor Rathnayaka,E minor,4/4,"අරුණළු ඇතිරෙන‍ හිමිදිරි යාමේ 
සිතුවිලි පව්වේ පෙරදිග අහසේ 
හිමියනි මම බුදුරැස් දැක ගත්තෙමි 
හිමියනි මම බුදුරැස් දැක ගත්තෙමි 
කළුවර ගොමුකොට ගිමන් දවන මඟ 
ගමන් කළෙමි දුර සසර පුරා… 
පස්කම් සම්පත් එක්තැන් කරගෙන 
ගමන් කළෙමි දුර සසර පුරා 
මහ කරුණාවේ සිලිල ගලා එන 
බුදු හිමියනි ඔබෙ මෙත් දහරේ… 
නැහැවෙමි සසරෙහි කෙලෙස් මුදා හැර 
බුදු හිමියනි ඔබෙ නෙත් දහරේ",0,,,,
Api Okkoma Rajawaru |  අපි ඔක්කොම රජවරු,Victor Rathnayaka,Inspirational,Sunil Ariyarathna,Victor Rathnayaka,G major,2/4,"අපි ඔක්කොම රජවරු ඔක්කොම වැසියෝ 
තුන් සිංහලයම නෑදෑයෝ 
අපි ඔක්කොම පියවරු ඔක්කොම මව්වරු 
තුන් සිංහලයම දූ දරුවෝ 
තුන් සිංහලයම දූ දරුවෝ 
ජය දද බන්දා හහා හා හා  
සිරිදුව කැන්දා හහා හා හා 
ජය දද බන්දා සිරිදුව කැන්දා  
රුපු සෙන් ඔද තෙද සින්දා 
හද අරවින්දා හහා හා හා  
කර සිරි නන්දා හහා හා හා 
හද අරවින්දා කර සිරි නන්දා  
පර ගැති සිත ගත බින්දා  
පර ගැති සිත ගත බින්දා 
හිස මල් පිපුණා හා හා හා  
හසරැල් නැගුනා හා හා හා 
හිස මල් පිපුණා හසරැල් නැගුනා 
හද සෝ ගිනි දැල් නිවුනා 
නෙතු කැන් දිලුනා හා හා හා 
සිතු වැල් බැඳුනා හා හා හා 
නෙතු කැන් දිලුනා සිතු වැල් බැඳුනා 
ජය මංගල ගී ගැයුනා ජය මංගල ගී ගැයුනා",1,තුන් සිංහලයම නෑදෑයෝ,තුන් සිංහලයම අතර තිබෙන ලෙංගතුකම,නෑදෑයෝ,ලෙංගතුකම
Api Athata Athata |  අපි ඈතට ඈතට,Victor Rathnayaka,Golden Oldies,Sunil Ariyarathna,Victor Rathnayaka,Eb major,4/4,"අපි ඈතට ඈතට පා නඟලා ඝණ වනන්තරේ 
අතර මං වෙමු වසන්ත මල් ගොමුවේ 
කාත් කවුරුවත් නෑ එන්නේ 
ඉදුල් නොවේ රුදු මිනිස් ඇසින් 
අපේම පුංචි ලෝකයේ අපි ඉන්නේ 
බමරුන් විතරයි තනියට ලඟ ඉන්නේ 
කෙසේද අත්බැඳ ඇවිදින්නේ 
වෙරළේ උයනේ තුරුළු වෙමින් 
නෑසිය මිතුරන් මඟතොට හමුවන්නේ 
උකුසු ඇසින් අප කෙලෙසද ගැලවෙන්නේ",1,ඉදුල් නොවේ රුදු මිනිස් ඇසින්,කවුරුවත් ඔවුන් දෙස ඇස ගසා ගෙන නොසිටීම,ඉඳුල් නොවේ,නොසිටියි
Andura Bidinnata |  අඳුර බිඳින්නට,Victor Rathnayaka,Movie Songs,Premakeerthi De Alwis,Victor Rathnayaka,C major,4/4,"අඳුර බිඳින්නට රැයක් දවාලු  
ලන්තෑරුම් නිවලා  
තිමිරයෙ තිරකඩ අරුණෙහි බිඳහැර  
හිරු තව දවසක් ගෙනැවිල්ලා 
මතකය නම් වූ මළපොත පෙරලා  
මළගිය ඊයේ සිහිපත් කළ මැන  
පැතූ පැතුම් අත් මිට මොලවාගත්  
දෑතෙහි දසැඟිලි දිගහැරලනු මැන  
එහි මොනවද ඇත්තේ කිසිත් නැත  
හිස් බවෙකිය ඇත්තේ 
සමුදුර ගිරිහෙල් දෙරණ තලා මැද  
යෞවන විය පියවර තබනා සඳ  
හිස්වන හදවිත සපුරා ලන්නට  
මියැසි විරාමය යළි පැමිණි ඇත  
අරුමෙකි පැවසෙන්නේ එපමණයි 
පිළිසරණය වන්නේ",1,මළපොත පෙරලා,මකතය යලි ආවර්ජනය කර,මළපොත,මතකය
Amma Nathi Mata |  අම්මා නැති මට,Victor Rathnayaka,Classics,Lushan Bulathsinhala,Victor Rathnayaka,E minor,4/4,"අම්මා නැති මට කිරි අම්මා වී 
කළු‍වර ගෙදරට මිණි පහනක් වී 
දැනගත් දා සිට පෙරුම් පිරු‍වේ 
අක්කේ මං මතු සක්විති වෙයි සිතලා දෝ 
පියුම් රටාවට පැදුරක් පිරෙයි රැයේ 
උදේට ලිප ලග කඩයප්පන් ගොඩවේ 
දෙකම්මුලින් වට මුතු වට්ටිය නුඹගේ 
පනමට දී මට නැණනෙත් පෑදූවේ 
මෝරා හද ගැබ පෙම්මල් නෑ පිපුනේ 
ලීලා බද වට ගෝමර ලතැවෙන්නේ 
බාල යොවුන් හද වැහැරී ගේ ඇතු‍ලේ 
මා ලද ශිල්පද නූඹ හා එක මුල්ලේ",1,මිණි පහනක් වී,නිවසෙහි සියලු වගකීම් ඉටු කරමින්,මිණිපහණ,වගකීම් ඉටු කිරීම
Ama Dahara,Victor Rathnayaka,Buddhist songs,Punyasiri Mahawaththa,Victor Rathnayaka,C minor,4/4,"අමා දහර දිය ගලා ගලා 
තුරු ලතා තුළින් මල් පියලි සලා 
ජය හඬින් ලොවට සිහ නද පතුරා 
ලෝ සත අතරින්  ජනිත වුණා 
අමා දහර දිය ගලා ගලා 
තුරු ලතා තුළින් මල් පියලි සලා 
සැපෙහී කිමිදී දුකෙහි ගැලීලා 
මැදුම් පිළිවෙතින් අමා සුව ලබා 
දහම් සුවඳ මල් දසතම පතුරා 
සියලු කෙලෙස් මැඬ බුදු වූවා 
සියලු කෙලෙස් මැඬ බුදු වූවා 
ජීවිතයේ ඇති නොනිමි අතිර බව 
ලොවට පැතුරු කරුණාවේ අම ගුණ 
සියලු සතුන් වෙත දහම් රස පෙවූ 
කරුණාබර නෙත් නිවී ගියා 
කරුණාබර නෙත් නිවී ගියා",1,සැපෙහී කිමිදී,අනන්තවත් සැප විඳ,කමිදීම,විඳීම
Adawan Desin |  අඩවන් දෑසින්,Victor Rathnayaka,Movie Songs,Mahagama Sekara,Somadasa Elvitigala,F major,2/4,"අඩවන් දෑසින් පවසනු රහසින් 
ජීවිතයේ රස මේ යැයි විගසින්  
පමා වෙවී ඉඳිනට නැත වේලා 
කාලය ඉගිලී යයි ඉගිලී යයි 
පමා වෙවී ඉඳිනට නැත වේලා 
කාලය ඉගිලී යයි ඉගිලී යයි 
සුපුල් දෙතොල් රතු පැහැයෙන් තවරා 
සුපුල් දෙතොල් රතු පැහැයෙන් තවරා 
මීවිත උතුරා යයි උතුරා යයි 
අවුල් දුහුල් වල සිහිල් පහස වැද 
රංගනා රංගන නොනවත්වනු මැන 
ඒ ගී හඩ මුලු ජීවිතයම සතු 
රස බර සුළු මොහොතයි සුළු මොහොතයි 
රෑ සිහිනෙන් දිව ගා සැපතක් සේ 
රෑ සිහිනෙන් දිව ගා සැපතක් සේ 
හෙට දින එය මිය යයි මිය යයි",1,කාලය ඉගිලී යයි,කාලය ඉක්මනින් ගෙවී යයි,ඉගිලී යාම,ඉක්මනින් ගත වීම
Adaraye Ulpatha Wu |  ආදරයේ උල්පත වූ,Victor Rathnayaka,Classics,Premakeerthi De Alwis,Victor Rathnayaka,C major,4/4,"ආදරයේ උල්පත වූ අම්මා මා ඔබගේ පුතු වූ…. 
‍                                     
ඔබ මතු බුදුවන දවසේ මා රාහුල කුමරුන් සේ  
සෙවන පතා අද මෙන් පැමිණෙන්නෙමි 
සුළැගිල්ලේ එල්ලී 
සඳ දිය කොට කිරිවතුරෙන්  
ඒ දියරෙන් මුව දෝවා 
දිව මතුරක්වන් නැලැවිලි ගීයෙන්  
මතකයි මා නැලැවූවා 
ජීවිතයෙන් ජීවිතයක් ගෙන දී  
ඒ ජීවිතයට කිරි දී පණ දී 
මා දැඩි කල අම්මා 
තුරුලට ගෙන අත් පා හැඩ ගස්වා  
නිදි ගන්වා යහන් ගැබේ 
සිහිනෙන් ගෑ සුවඳක් මෙන්  
සිහිවෙයි ඒ කිරි සුවඳ ඔබේ 
දවසින් දවසට සෙනෙහස ලබැදී  
ගෙන දී දිවියට නව පන ලැබදී 
මා දැඩි කල අම්මා",1,සෙවන පතා,සෙනෙ⁣හස පතා,සෙවන,සෙනෙහස
Kale Gahaka |  කැලේ ගහක,W.D.Amaradewa,,,,C major,6/8,"කැලේ ගහක මල් පිපිලා සුවඳ ගලනවා 
හදේ ලැගුම් ගත් බඹරුන් රොණට වඩිනවා 
රේණු තලා මල් නොතලා උන් පැණි බොනවා 
මගේ දෑස මට නොකියා කරදර දෙනවා 
ගලා හැලෙන අඳුර මැදින් නුවන් පිපෙනවා 
මලේ මහිම ඒ අතරේ මට හමුවෙනවා 
සදා සතුට සිහින ලොවේ කිරුළු දරනවා 
මා තනි වූ විටදී පමණි එ මල දකින්නේ 
හිරු සඳු මෙහි විත් මොකටද කරදර දෙන්නේ 
අඳුර සමඟ මොහොතක්‌ මට ඉන්නට දෙන්නේ",1,ගලා හැලෙන අඳුර,රාත්‍රිය උදා වීම,ගලා හැලීම,උදා වීම
Adara Gangulehi |  ආදර ගඟුලෙහි,Shreemathi Thilakarathna,Duets,Premakeerthi De Alwis,Victor Rathnayaka,F major,2/4,"ආදර ගඟුලෙහි ඉවුරෙ රැඳී සහන පවන් සැලූ 
මා ළඟ ඔබ සිටිනා විටදී ලොවම දැකුම්කලු  
මල් වැල් වන විල් පිරී ගියේ සෙවණ දෙවන්නලු 
බිඟු නඳ විහඟුන් ඉගිල්ලුනේ මිහිරෙ රැඳෙන්නලු 
පුන් සඳ නැගුනෙත් අහස් තලේ අපට බලන්නලු 
දෙනෙතට කඳුලැලි තුරුල් කලේ පෙමට අඬන්නලු 
පෙමට අඬන්නලු 
මී වද මී පැණි පිරී ගියේ දෙතොලෙ රඳන්නලු 
දේදුනු ඕවිලි මැවී ගියේ ලොවම පිනන්නලු 
මේ ලොව මා ඉපදුනේ ප්‍රියේ ඔබව ලබන්නලු 
ඒ හැර ලැබුණත් පලක් නැතේ ඉසුරු මැණික් මලු 
ඉසුරු මැණික් මලු",0,,,,
Hanthane Kandu Muduna |  හන්තානේ කඳු මුදුන,W.D.Amaradewa,,,,E minor,4/4,"හන්තානේ කඳු මුදුන සිසාරා පවනක් වී එන්නම් 
ඔබේ සුවඳ රැඳි කුටිය සමීපේ කුසුමක් වී ඉන්නම්... 
කුසුමක් වී ඉන්නම්
තුන් මහළින් සැදී සරසවි පායේ මල් කැටයම් සෙවනේ 
සිරිපොද වැස්සේ නැගුනු සතුටු රළ 
මිරිගු සයුර විනි අතීතයේ මිරිගු සයුර විනි අතීතයේ 
පාළු නිසංසල කඳු වැටි අතරේ මහවැලි ගං ඉවුරේ 
අත් තටු සිඳගත් විහඟ විලාසෙන් 
අපේ පැතුම් ඉකිබිදිනු ඇසේ  අපේ පැතුම් ඉකිබිදිනු ඇසේ",1,කුසුමක් වී ඉන්නම්,සුවඳ විඳගෙන සිටීම,කුසුමක් වී,සුවඳ විඳගෙන
Jagan Mohini |  ජගන් මෝහිනී,W.D.Amaradewa,Classics,Chandrarathna Manawasingha,Pandith Amaradewa,C major,4/4,"ජගන් මෝහිනී මධුර භාෂීණී 
චාරු දේහිනී කමල වාසිනී 
සරස්‌වතී දේවී වන්දේ 
සරස්‌වතී දේවී…….රී…..රී….. රී 
කම්පිත කංචන මාලා කූජිත කිංකිණි නූපුර ජා…ලා 
පාද සරෝඡේ කටී තටාකේ 
චංචල නර්තන ලී……..ලා 
චංචල නර්තන ලීලා  ආ..ආ  
මීන මකර පංකජ රූපාකුල අංකිත කුංකුම රේ..ඛා 
පූර්ණ කුම්භ ම්ව පීන පයෝධර 
පූරිතා මෘත ධා…රා 
පූරිතා මෘත ධාරා ආ..ආ 
භාග්‍ය සාධන පුණ්‍ය මූර්තිධර සුරකුලවර අභිරූ… පා 
දේහි දේහි වරදායක හස්‌තේ 
ශුභ මංගල මූද්‍රා…..ආ 
ශුභ මංගල මූද්‍රා ආ.ආ..ආ",0,,,,
Hanthana Sihine |  හන්තාන සිහිනේ,W.D.Amaradewa,,,,C minor,4/4,"බලා වැලපෙමි නෙලාගනු බැරි හන්තාන සිහිනේ 
දරා නෙත් අග දොවා සිත් මල ගොතනු මැන ළදුනේ 
සංසාර සිහිනේ
වැහි පබළු යට රගමඩල මැත ඔබේ දෑතේ තුරුළු වෙන්නට 
බිසෝ හැර ගිය ලසෝ රග හළ අමාවක අදුරේ 
නොඑනු මැන ළදුනේ 
වඩින තුරු සද දුරින් ඉන්නම්  තරු ඇදුරු පෙම් ගී අහන්නම් 
සොදුරු ඒ සද දියේ එන්නම්  ඉදිනු මැන සොදුරේ 
හන්තාන අරණේ",1,බලා වැලපෙමි නෙලාගනු බැරි හන්තාන සිහිනේ,ලබාගත නොහැකි ආදරය දෙස බලා වැලපෙමි,හන්තාන සිහිනය,ලබාගත නොහැකි ආදරය
Giman Harina |  ගිමන් හරින,W.D.Amaradewa,,,,C minor,3/4,"ගිමන් හරින දියඹ දිගේ සුසුම් හෙලන වෙරළ ඉමේ 
බැස යන හිරු අඩැසි සඳට රහස් කියනවා 
සඳ ආදරයෙන් අහස පුරා ර‍ටා මවනවා  
හිත් දැහැනේ වේලි තිබුණු නෙත් දැහැනේ ගලා හැලුණු 
මියැදෙන්නට බලා හිඳපු  ආදරයද මේ 
හිරු රහසේ කියා දුන්නු ආදරයද මේ 
නිල් කටරොළු නිල නැහැවුනු මල් බර මුදු සුව රජයන 
තොල් පෙති කල් පලදාලන  ආදරයද මේ 
නුඹ රහසේ කියාදුන්නු ආදරයද මේ",1,අඩැසි සඳට රහස් කියනවා,අඩවන්ව සඳ නැග එනවා,රහස් කියනවා,උදා වීම
Gilem Obe Guna |  ගිලෙම් ඔබේ ගුණ මූදේ,W.D.Amaradewa,,,,C minor,4/4,"ගිලෙම් ඔබේ ගුණ මූදේ විඳිම් ඔබේ දම් සාරේ  
වඳිම් වඳිම් ඔබ පාදේ තිලොඅග බුදු සමිඳේ 
තිලොඅග බුදු සමිඳේ
සිඳ බිඳ මොහඳුර පාප සිඳ බිඳ මොහඳුර පාප 
දැල් වූ දහම් ප්‍රදීප  දැල් වූ දහම් ප්‍රදීප
සිඳ බිඳ මොහඳුර පාප  දැල් වූ දහම් ප්‍රදීප 
හෙළි කළ අප හෙළ දීප  තිලොඅග බුදු සමිඳේ 
තිලොඅග බුදු සමිඳේ 
සිල් ගත් දිනිඳුන් සේම සිල් ගත් දිනිඳුන් සේම 
සිල් තෙද ගුණ ඇති සෝම  සිල් තෙද ගුණ ඇති සෝම
සිල් ගත් දිනිඳුන් සේම  සිල් තෙද ගුණ ඇති සෝම 
සත හට පෑ මවු ප්‍රේම  තිලොඅග බුදු සමිඳේ 
තිලොඅග බුදු සමිඳේ",1,ගිලෙම් ඔබේ ගුණ මූදේ,ඔබේ ගුණ ගයමින් ප්‍රීතිමත් වෙමි,මුහුද,අප්‍රමාණ වූ
Daskon Sakisanda |  දස්කොන් සකිසඳ,Neela Wickramasinghe,,,,C minor,7/8,"දස්කොන් සකිසඳ ඉක්මන් ගමනින්  
නො එනා ගමනකි යන්නේ 
එනමුත් ළඳුනේ මතු අත් භවයේ 
ඔබ මා යලි හමු වන්නේ
සියොළඟ හිමි ළඟ හදවත මා ළඟ 
කෙලෙසද හද බැඳ ලන්නේ 
කවුදෝ ‍රැකවල් ලන්නේ 
ඔබ මා යලි හමු වන්නේ 
මිය යමි මනු ලොව හමු වෙමි පෙම් ලොව 
ලොව්තුරු සුව  වළඳින්නේ 
කිසිදා නැත හමු වන්නේ 
ඔබ මා යලි හමු වන්නේ",1,නො එනා ගමනකි යන්නේ,මරණය කරා යාම,නොඑනා ගමන,මරණය
Dathe Elli – දෑතේ එල්ලී,W.D.Amaradewa,Current Songs,Swarna Sri Bandara,Pandith Amaradewa,C minor,4/4,"දෑතේ එල්ලී මියුරු කතා කී 
සුරතල් දෝණියනි
කාලයෙ රියසක මහලු මගෙන් ඔබ 
ඈතට ගෙන යන්නේ
බොළඳ මියුරු බස් සවන් නිවාලූ
කැකුළු සිනා රස සිත සනහාලූ
අතීත සිහිනය බොඳවී දියවී
ඈතට පාවෙන්නේ  ඈතට පාවෙන්නේ
පරපුර වඩන ලෙසින් වෙහෙසෙන ඔබ
ඇස නැළවූ සිත පිනවූ
මතක වළාවෙන් නොපෙනෙන ඈතට
වැලිබත පාවෙන්නේ වැලිබත පාවෙන්නේ",1,සවන් නිවාලූ,කනට මිහිරි වදන්,නිවාලූ,මිහිරි වදන්
Etha Kandukara |  ඈත කඳුකර,W.D.Amaradewa,,,,C major,7/8,"ආ…….ආ……ආ…….ආ…….. 
ඈත කඳුකර හිමව් අරණේ  
සීත චන්දන ලපලු සෙවනේ 
සුළං රැල්ලේ පාව එන්නේ 
ඔහුගෙ නාමය වේ   
සඳැල්ලේ මිණි තලාවේ  තාරකා පිපි වෙලාවේ 
ලදැළියන්ගේ හීන අතරේ  මැවෙයි ඒ රූපේ 
රනින් කල වන් පුළුල් උරයෙන් 
හසුන් ළමැදේ මුස කරන්නේ 
හදේ මෝරන ආදරේ  
සඳේ සොමි ගුණ යා කෙරේ 
සරා ගී නිල් නුවන් බඳුනින් 
නුරා ඉතිරෙන්නේ",1,"සුළං රැල්ලේ පාව එන්නේ 
ඔහුගෙ නාමය වේ",නිතරම අවටින් ඔහුගේ නාමය ඇසේ,සුලං රැල්ලේ පාවීම,නිතරම ඇසීම
Danno Budunge – New Version |  දන්නෝ බුදුන් ගේ,W.D.Amaradewa,,,,C major,,"දන්නෝ බුදුන් ගේ ශ්‍රී ධර්මස්‌කන්ධා  
පේවී රකිති සොඳ සීලේ නිබන්දා 
ක්‌ලේශ නස්‌නා භික්‍ෂු ඇත්තේය බෝ සේ  
ක්‌ලේශ නස්‌නා භික්‍ෂු ඇත්තේය බෝ සේ 
රහතුන් නිවසනා     පායා ප්‍රකාශේ 
භූලෝ මතේ මේ දෙවු ලෝ පෑ වාසේ  
පේනා මෙපුර මුනි සාසන වාසේ 
ඉර්ධියෙන් යන්නාවු නේක්‌ රහතුන් ගේ   
ඉර්ධියෙන් යන්නාවු නේක්‌ රහතුන් ගේ 
සෙවනැල්ලේනි හිරු   රශ්මිය භංගේ 
මානෙල් නෙළුම් හා ඕළු පුෂ්පා දී  
ඇත්තේ පොකුණුවල බෝ ජල පෑදී 
සේරූ පන්තී පන්තී පීනති බෝසේ  
සේරූ පන්තී පන්තී පීනති බෝසේ 
අනුරාධ නගරය     දැන් පෙනෙනා සේ",0,,,,
Bambareku Awai |  බඹරෙකු ආවයි,W.D.Amaradewa,Classics,Madawala S Rathnayaka,Pandith Amaradewa,C minor,,"බඹරෙකු ආවයි නිරිත දිගේයා  
හද පෑරූවයි මියුරු රසේයා 
මල් පරවූවයි  සෝකෙන් බෝමා   
කඳුළු ගැලූවයි  එලෝ ගැබේයා
සීත හිමේ ලෙනකට පිවිසුනාදෝ   
ඈත එපිට ගිරිකුලකට ගියාදෝ 
මෑත මෙපිට මේ හදෙහිම ලගීදෝ  
දෑස අඳුරු වී මා තනි වුනාදෝ 
සලමින් සුමුදු පොඩි අත්තටු මියුරු සරින්  
නලමුදු සුවඳ විඳගන්නට ගියත් වරෙන් 
බල බිඳදමා හිරු යනවිට අවරගිරෙන්  
සලමින් පිපුණ මල්පැණි බොනුරිසිව වරෙන්",0,,,,
Aradhana | ආරාධනා,W.D.Amaradewa,,,,G major,,"…….………… 
ආරාධනා……. ආරාධනා 
ජීවිතයේ තනි මංසල අතරමං වෙලා 
හුදෙකලාව සුසුම් හෙලන හදවත සනහා 
අතීතයේ ගිලිහී ගිය සතුට රැගෙන යලි වඩින්න 
ආරාධනා ආරාධනා 
නෙලූ සුපෙම් කැටයම් හද පවුරැ තලාවේ   
මැකී ගියාදෝ……………කාලයේ වෙරළේ 
ජීවිතයේ දිගු ගමනින් අනාත වූ දා   
සෙනේහයේ සත් පියුමන් යළිදු පිපේවා 
ආරාධනා ආරාධනා 
එදා සිඟිති කිරි සුවඳින් යුග දිවි අරණේ   
ඔබේ උණුසුමේ………………….යළිදු උපන්නෙම් 
බිඳුණු එවන් රජ දහනින් සමු ගෙන යනදා  
ඔබේ නුවන් පහනින් යළි එළිය ලැබේවා 
ආරාධනා ආරාධනා",1,ජීවිතයේ තනි මංසල,තනි වූ ජීවිතය,තනිමංසල,තනිවීම
Anothaththa Vila – අනෝතත්ත විල,Amitha Wedisinghe,Classics,Sunil Sarath Perera,Victor Dalugama,G,4/4,"අනෝතත්ත විල නෙළුම නෙළාලා
පීරා වරළස මල් ගවසාලා
නාග ලොවින් බැස නාළිය ගමනින්
වරඟන පිරිවරිනා එරන්දතිය එනවා
සිතක උපන් දොල සංසිඳුවාලා
මතක සිනාවෙන් මුව සරසාලා
ඉරට මුවාවෙන් සඳට මුවාවෙන්
හිතට තුරුළු වෙනවා එරන්දතිය එනවා
කෝමළ ගමනින් කෝළ හැඟුම් හල
කාල ගිරෙන් සිතුවිලි සේනා ගෙන
වරඟන පිරිවරිනා එරන්දතිය එනවා
නළලත කුංකුම තිලක තියාලා
නීල වර්ණයෙන් කැළුම් නෙළාලා
පාද කිංකිණී සොළවා එරන්දතිය එනවා",1,පීරා වරළස,කොණ්ඩය,වරලස,කෝණ්ඩය
Adawan Wu Denethin | අඩවන් වූ දෙනෙතින්,W.D.Amaradewa,,,,Bb major,,"අඩවන් වූ දෙනෙතින් ගලනා  
මෙත් මුදිතා කරුණා ධාරා  
තෙමා තෙමා හද ගලා ගලා යන  
ලොව්තුරු ගුණ මහිමේ 
මහමෙව්නා උයනේ …………  
සමාධි බුදු පිළිමේ 
අඩවන් වූ දෙනෙතින් ගලනා  
මෙත් මුදිතා කරුණා ධාරා 
පිරි ඉතිරී යන මහ වතුරක් සේ  
ගලා හැලෙන සිහිළැල් ගඟුලක් සේ 
ගිමන් නිවාලන මේ භව කතරේ 
නිවන් සදා ලන බුදු ගුණ මහිමේ 
මහමෙව්නා උයනේ …………  
සමාධි බුදු පිළිමේ",1,පිරි ඉතිරී යන මහ වතුරක් සේ,අප්‍රමාණ වූ බුදු ගුණ,පිරී ඉතිරී යන මහ වතුර,අප්‍රමාණ වූ
Adara Hangum – ආදර හැඟුම්,W.D.Amaradewa,Classics,Dayananda Gunawardhana,Somadasa Elvitigala,E minor,7/8,"ආදර හැඟුම් ආදර හැඟුම් 
නුපුරුදුයි මට නුපුරුදුයි ඒ හැඟුම් 
ආදර හැඟුම් ආදර හැඟුම් 
කිතිකවයි හද කිතිකවයි ඒ හැඟුම් 
ආදර හැඟුම් ආදර හැඟුම් 
ආදර හැඟුම් 
සැඳෑ අඳුරේ සැළෙන තරු එළි 
මගේ හද තුළ කරයි විමසිලි 
නැගෙන ගනඳුර වඩයි සිතුවිලි 
මේ මඟුල් රෑ බිඳෙයි ඉවසිලි 
කිමද ඔබ මල් කුමරියන්නේ 
පෙති විදා සතුටින් නොඉන්නේ 
රහස නැතිවද මං නොදන්නේ 
තුරුළෙ බමරුන් නොවෙද ඉන්නේ 
ආදර",1,නුපුරුදුයි ඒ හැඟුම්,ආදරයක් නොලැබීම,නුපුරුදු,නොලැබීම
Mala Giraviye | මාල ගිරවියේ,Karunaratna Divulgane,New Pop,Rathna Sri Wijesinge,H.M.Jayawardhana,G minor,6/8,"මාල ගිරවියේ ... මාල ගිරවියේ 
මට නුඹත් එක්ක අපේ ගමට පියාඹන්න ආසයි 
මං දන්න කියන ගහකොල මල් පෙන්නන්නට ආසයි 
මාල ගිරවියේ... මාල ගිරවියේ 
දුර නෑයො පවා ගේ දොරකඩ එකතුවෙලා හිදිවි 
නුඹේ මාලෙ හැබෑ රත්තරන්ද අත ගලා බලාවි 
මේ සේද ඇදුම් ඉල්ල ගත්තේ කාගෙන්දැයි අසාවි 
මගෙ උර තලයේ හිස තියාන හෙමිහිට ඉකි බිදිවි 
අපෙ නැති බැරිකම් ඒ තරමට අමිහිරිදැයි අසාවි 
ඒනිසා තවත් ටික දවසක් ඉවසමු අපි කුමාරි",1,මාල ගිරවියේ,ආදරවන්තිය,මාල ගිරවිය,ආදරවන්තිය
Mage Pem Lowa Sihasun | මගේ පෙම්ලොව සිහසුන්,Karunaratna Divulgane,New Pop,Ranil Jayasena,H.M.Jayawardhana,G minor,2/4,"මගේ පෙම්ලොව සිහසුන් අරා සිටි  
කුමරියේ ඔබ කලත් අභිනික්මන් 
සිහින උයනේ කරමින් සක්මන් 
කරනු ඇයි තව මා සිතේ හොල්මන් 
ගසක සෙවනක පවන් රැල්ලක  
සිහල බව රැඳි ඔබේ සෙනෙහස 
හද නිදන් කල මතකයේ සටහන් 
වගෙයි උදුනක ඇවිලෙනා ගිනිදැල් 
සුලඟෙ සෙලවෙන පහන් රැල්ලක 
අතිර බව රැඳි ඔබේ ප්‍රේමය 
හිත නිදන් කල මතකයේ සටහන් 
වගෙයි ගල් මත ඇඳුනු බිතු සිතුවම්",1,මගේ පෙම්ලොව සිහසුන් අරා සිටි,⁣මා හා ප්‍රේමයෙන් සිටි,සිහසුන් අරා සිටි,අරක් ගෙන සිටි
Ma Obath Ekka | මා ඔබත් එක්ක,Karunaratna Divulgane,New Pop,Lalith De silva,Rohana Weerasingha,F minor,6/8,"මා ඔබත් එක්ක සුහද කතාවක් 
ඔබෙ ඇසුත් එක්ක ප්‍රේම කතාවක් 
තොරතුරු විමසනවා ආගිය තැන් පවසනවා 
තොරතුරු විමසනවා ආගිය තැන් පවසනවා 
සංසාරේ හුරුපුරුදුයි කියල කියනවා 
කියල කියනවා 
මා ඔබත් එක්ක දිගට කතාවක් 
ඔබෙ ඇසුත් එක්ක ප්‍රේම කතාවක් 
රස රහස් කියනවා විටකදි ඉගිත් කරනවා
රස රහස් කියනවා විටකදි ඉගිත් කරනවා 
ඇවිදින්නට තනිවෙන්නට යමුද අහනවා 
යමුද අහනවා 
සද හිරුත් එක්ක හොරෙන් කතාවක් 
තරු මාත් එක්ක ප්‍රේම කතාවක් 
වරදක් නැහැ කියනා කවුරුත් නොම එයි සිතනා 
වරදක් නැහැ කියනා කවුරුත් නොම එයි සිතනා 
සිත ගන්නට ළං වෙන්නට එන්න අහනවා 
එන්න අහනවා",1,තරු මාත් එක්ක ප්‍රේම කතාවක්,ඔබ මාත් එක්ක ප්‍රේම කතාවක්,තරු,ඔබ
Mage Duwe Oba – මගෙ දුවේ ඔබ,Karunaratna Divulgane,Classics,Rathna Sri Wijesinge,Rohana Weerasingha,D minor,4/4,"මගෙ දුවේ ඔබ අවදියෙන් නම් 
මේ රැයේ මිහිරිම වෙලාවයි 
දොර ඇරන් එළියට ආවොතින් 
මේ මිහිරි දේවල් නුඹටමයි 
සේපාලිකා මල් බිමට බැහැලා 
ඇවිදින්න යන වෙලාවයි 
නිල් තාරුකා බිම බලාගෙන 
වැව් දියට පෙම් බැඳි වෙලාවයි 
මේ පොළව කොතරම් සුන්දරද 
මගේ දූ තනියම හිනාවෙයි 
ගණ කළුවරට අප පෙම් කලොත් 
ඉර හඳ තරුවනට ණය ගැතියි 
ලොව දුන්නු දේවල් අද අපිට හෙට 
ලොවට පෙරලා දිය යුතුයි 
ඔබ මේ ලොවට ආදරෙයි නම් 
මුළු ලොවම ඔබටත් ආදරෙයි",1,"නිල් තාරුකා බිම බලාගෙන
වැව් දියට පෙම් බැඳි වෙලාවයි",තාරකාවල ප්‍රතිබිම්භය වැව මත් වැටී ඇත,පෙම් බැඳිම,ප්‍රතිබිම්භය වැටීම
La Dalu Bo Path | ලා දළු බෝ පත්,Karunaratna Divulgane,Classics,Rambukkana Siddhartha Thero,H.M.Jayawardhana,E minor,4/4,"ලා දළු බෝ පත් සෙමින් සැලෙන සේ  
යශෝදරා දේවී 
වාවනු බැරි තැන රහසේ හැඬුවා 
පෙර සංසාරේ ඇසුර මතක් වී 
ලා දළු බෝ පත් සෙමින් සැලෙන සේ 
ලේන කුලේ සිට ආගිය මඟ තොට  
සිටියා නොසැලෙන පහන් ටැඹක් වී 
නිවන් දකින තුරු මේ සංසාරේ 
පසු පස ආවා සෙවනැල්ලක් වී 
තැලී සෙනේ සිත සැලී හඬන විට 
වැටී දෙපා ලඟ යශෝදරාවෝ 
පිපී නිවන් මල් සාධුකාර දී 
නිවී පහන් විය උදෑසනක් සේ",1,ලා දළු බෝ පත් සෙමින් සැලෙන සේ ,නිහඬව හැඬීම,බෝ කොල බිමට වැටෙනවිට ඇසෙන ශබ්දය,නිහඬ බව
Konda Kirilliye | කොණ්ඩ කිරිල්ලියේ,Karunaratna Divulgane,New Pop,Rathna Sri Wijesinge,Rohana Weerasingha,G,6/8,"කොණ්ඩ කිරිල්ලියේ  
කවුද නුඹේ ප්‍රේමවන්තයා 
කොණ්ඩෙ කපනවාද කොණ්ඩෙ බඳිනවාද  
කොණ්ඩෙ කපනවාද බඳිනවාද කියාපන් එයා 
රංචු ඉලන්දාරි කල්ලි ගැහී බෝවිටියා සොයා 
පුංචි කට රතු කර සිංදු එහෙම කියනවාද එයා 
පුංචි කට රතු කර සිංදු එහෙම කියනවාද එයා 
රංචු ඉලන්දාරි කල්ලි ගැහී බෝවිටියා සොයා  
ඔන්න කියන්නෙපා කිරිල්ලියේ නොකිව්වාය කියා 
ඔය ලෙන්ගතුකම් බෑ දෑවැදි ඉල්ලුවොතින් එයා 
රංචු ඉලන්දාරි කල්ලි ගැහී බෝවිටියා සොයා 
පුංචි කට රතු කර සිංදු එහෙම කියනවාද එයා",1,කොණ්ඩ කිරිල්ලියේ,දිගු කොණ්ඩයක් සහිත කාන්තාව,කොණ්ඩ කිරිල්ලිය,දිගු කොණ්ඩයක් සහිත කාන්තාව
Kohe Ho Numba | කොහේ හෝ නුඹ,Karunaratna Divulgane,New Pop,Shamila Hussain,Dharshana Wickramathunga,D minor,4/4,"කොහේ හෝ නුඹ නතර වි  
කාට හෝ ජීවිතය දී 
තුටින් නම් මට ඒ ඇති 
මගේ නොවුනට කම් නැතී නුඹ 
මගේ නොවුනට කම් නැතී 
උන්න දා අපි අපේ වී නුඹ 
දුන්නු සෙනෙහස අරුමැති 
ලෝභ නෑ හිත අහිමි දා අද 
මමත් දැන් මට හිමි නැතී 
නුඹ ළඟත් මතකය ඇතී 
නමුදු අපි වෙන් වී ඇතී 
එපා රිදවුම් ගන්න දිවියට 
අපිට හිමි ජීවිත ඇතී",1,කොහේ හෝ නුඹ නතර වි,කාත් සමඟ හෝ විවහා වී,නතර වීම,විවාහය
Gamata Kalin Hiru | ගමට කලින් හිරු,Karunaratna Divulgane,Classics,Sunil Dayananda Konara,Sunil Dayananda Konara,D minor,4/4,"ගමට කලින් හිරු මුළුතැන්ගෙට වඩනා 
ඒ හිරු එළියේ නැණ මල් පොඩි පිපුණා 
ඒ මල් සුවඳේ අද ලොව්තුරු සුව විඳිනා 
කලා වැවේ නිල් දියවර අපෙ අම්මා 
රෑ කළුවර අරගෙන දරුවන් එනතුරු 
සිත නෑ නිවන් දකින්නේ 
රෑ කළුවර ඇවිදින් ඉකිබිඳ හැඬුවත් 
නෙත නෑ නිදි විඳගන්නේ 
හෙට අරුණට සැරසෙන තව දවසක් ගැන 
නින්දේ හීන දකින්නේ 
මහමායාවනි කවදාදෝ ඔය නෙත් 
දරු සෙනෙහසින් මිදින්නේ 
වෙල් දෙනිවල ඇවිදින දෙපා රිදෙන විට 
විහඟ ගීත බණ පද වේවා 
බෝ මලුවක ඇවිලෙන පහන් වැටක් සේ 
තුන් සිත නිවී සැදේවා 
මතු උපදින සසරේ විශාඛාව වී  
මෙත් මඟ නෙත් හමුවේවා 
ඇත් රැජිනියනේ ඔබෙ නැළවිලි ගීතය 
ලොවම නිවන කවියක් වේවා",1,ගමට කලින් හිරු මුළුතැන්ගෙට වඩනා,ඉර උදා වීමට පෙර අම්මා මුළුතැන් ගෙයට ඒම,හිරු,අම්මා
Gahaka Mal Pipila | ගහක මල් පිපිලා,Karunaratna Divulgane,New Pop,Yamuna Malani Perera,Gunadasa Kapuge,G,4/4,"ගහක මල් පිපිලා පිපෙන්නේ ඇයිද නොදන්නෙමී 
හිතක මල් පිපිලා පිපෙන්නේ ඇයිද නොදන්නෙමී 
නුඹට සිත බැඳුනේ කිමැයිමා තවම නොදන්නෙමි 
නුඹට සිත බැදි කාරණේ මා තවම සොයන්නෙමී 
කතරෙ වැලි කැට හිරුට පෙම්බැද 
ඇතත් ලෝ දහමින් 
සොදුරු වැස්සට දැවෙන කතරත් 
ආදරෙයි පණමෙන් 
ලොවට නොපෙනෙන අරුම සෙනෙහස  
ඒ වගෙයි මනරම් කරනුබැරි තහනම් 
සදට සදහට සෙනෙහෙ පෑමුත්  
උදුල තරු කැටයම් 
හිරුටපෙම් බැදි එකම තරුවක් 
සිටිය නොහැකිද යම් 
නුඹට නොහැගෙන මගේ ප්රේුමය 
ඒ වගේ මනරම් පුදුමවෙයි නුඹ නම්",1,හිතක මල් පිපිලා,හිතක ඇති වූ ආදරය,මල් පිපීම,ආදරයක් ඇතිවීම
Dura Kathara Gewagena | දුර කතර ගෙවාගෙන,Karunaratna Divulgane,New Pop,Rathna Sri Wijesinge,H.M.Jayawardhana,F,6/8,"දුර කතර ගෙවාගෙන 
මම නොකියම ආවට 
මට සමාවෙයන් බණ්ඩර මැණිකේ 
අර බලන්න අර පුර හඳ අහසේ 
දුම් වලාකුළෙන් තරුකැට හැංගිලා 
නෙත් කොණින් බලා මට ඉඟි බිඟි කළා 
මට ඉන්නට බෑ කොළොම්තොටට වෙලා 
උඹෙ කතා කරන දෑස මතක් වෙලා 
මහා මැදුරු උඩින් පුර හඳ පායලා 
නුඹෙ මුහුණ පෙනුණේ මුළු අහසම පුරා 
ඒ සෙනෙහෙවන්ත කමට වහල් වෙලා 
මට ගම නෑවිත් ඉන්නට බැරිවුණා",1,කතා කරන දෑස,අලංකාර වූ දෑස්,කතා කරන,අලංකාර වූ
Dura Atha Wuwada | දුර ඈත වුවද,Karunaratna Divulgane,Classics,Yamuna Malani Perera,Rohana Weerasingha,D,6/8,"දුර ඈත වුවද ගතිනා 
ලඟ පාත නොවෙද සිතිනා 
ඇලපාත මුදලි මං 
මද හාස නගන් ගජමන් නෝනා 
පුන්සඳ ලෙද කළුවර යහනේ 
පුන්සිසිවත කඳුළින් තෙමුනේ 
තහනම් ද සතුට ලදුනේ 
මේ දුකද සැපයි  නුඹෙ හිතට කැපයි 
මද හාස නගන් ගජමන් නෝනා 
රන් රස සේ ගැලපෙන සේමා 
දුන් රස කව් රස විද බෝමා 
නොබැදෙම් ද පෙමින් කෝමා 
අමනාප කිමැයි  උදහාස කිමැයි 
මද හාස නගන් ගජමන් නෝනා",0,,,,
Atheethaya Sihinayak | අතීතය සිහිනයක් පමණයි,Karunaratna Divulgane,Classics,Pallegama Hemarathana Himi,Nalaka Anjana Kumara,D,7/8,"අතීතය සිහිනයක් පමණයි  
සැබෑ සුවඳක් නැ 
එදා සෙනෙහෙන් නොබැදුනානම්  
මෙදා වියොවක් නැ 
තැනූ මන්දිර බිදී වැටුනත්  
නෙතේ කදුලක් නැ 
සිනහවෙන්නට වරම් නොලදත්  
හිතේ කිළුටක් නැ 
සොබා දහමට නොවන අවනත  
ලොවේ කිසිවක් නැ 
ලොවේ පැරදුම මිසක කිසිදා 
ලැබූ දිනුමක් නැ",0,,,,
Andara Yaye | අන්දර යායේ,Karunaratna Divulgane,Inspirational,Kumara Liyanage,Rohana Dharmakeerthi,D minor,4/4,"අන්දර යායේ වැව්තාවුල්ලේ  
සක්මන් කරනා අප්පච්චී 
දොලේ දියයි මට කෙතේ නිලයි  
ගහ වැලේ මලයි මට අප්පච්චී 
වළාකුලේ දා බිදු තවරා  
මහපොළවට මහ වැසි ගෙනෙනා 
දිවි ගමනේ ඉම කදුමුදුනේ හිද  
පිතු සෙනෙහේ කඳුලැලි සලනා 
තුරු හිස මුදුනේ මල් ඵලදා 
කැකුළු මුවට ඵල වැල නෙලුවා 
ඒ දඬු මං බැද සත්කුළු පව් බිද 
සිදාදියට යන මං තැනුවා",0,,,,
Asata Asuwana |  ඇසට අසුවන,Karunaratna Divulgane,New Pop,Mahinda Dissanayaka,Gunadasa Kapuge,F,4/4,"ඇසට අසුවන මායිමේ  
බඹර සැණකෙළි මල් විලේ  
ලසෝ ලැව් ගිනි ඇව්ලුනා සිත  
ඔබ මගෙන් වෙන් වූ දිනේ  
සියපතක් මත විසුල පිණි කැට  
සැඩ සුළං වැද සර සරින් හෙත 
මගෙන් රිදවුම් දෙවුණු මොහොතක 
ඔබේ වත මට නැගෙයි සිහියට 
සතර අත පෙති විහිද විකසිත 
මලේ මල් මී මමණයුරු දැක 
ඔබේ ලවනත සැදුන මීවිත  
මත් කලා මතකයි මගේ සිත",0,,,,
Adaraya Sundara Waradaki | ආදරය සුන්දර වරදකි,Karunaratna Divulgane,New Pop,Yamuna Malani Perera,Gunadasa Kapuge,F minor,4/4,"ආදරය සුන්දර වරදකි 
කිසිදා සමාවක් නම් නැති 
මට පෙන්නලා ආලේ හැටි 
නුඹ දුන්නු දුක හොදටම ඇති 
ඉදුවර නුවන් දෑලේ වැටී පැගී 
දැහැනේ වෙලී උන්මාද වුයේ මා 
වෙනෙකෙකූ දිහා බැලුමට යලි 
මට නෙත් නැතැයි කෙදු‍රැවේ කවුරුන්දෝ 
පුළුවර තාලා වීණා බදින් දැවැටී 
රතගැලි බැදී නින්නාදයේ අනුරා 
හද ස්වර තලා කම්පිත‍ වේවි 
මට මා පවා නැති කලේ කවුරුන්දෝ",1,ආදරය සුන්දර වරදකි,ආදරය වැරදිකාර දෙයක් ලෙස හැඟුනද එය සුන්දර වේ,සුන්දර වරද,ආදරය
Kala Wewen Gath |  කලා වැවෙන් ගත්,Nanda Malani,Classics,Sunil Ariyarathna,Stanley Pieris,Bb major,6/8,"&   
කලා වැවෙන් ගත් දිය දෝතක් සේ 
වටී වටී ඔබ මට මැ වටී 
බෝධියකින් වට බෝ කොළයක් සේ 
අගී අගී ඔබ මට මැ අගී 
කැටපත් පවුරින් ගිලිහුණු කවියක් 
සොරකම් කරගත් සෙරක ලෙසින් 
සඟවාගෙන ඔබ සුරකිමි හද ගැබ 
තනිවම කියවමි පදරුත් පසිඳමි 
සමනල සිරසින් විහිදුණු බුදු රැස් 
සයැසින් දැකගත් මෙහෙණක මෙන් 
පරමානන්දය ලබමින් ඔබ ළඟ 
සඟමොක් සැපතෙහි අමරස වළඳමි",0,,,,
Kadamandiye |  කඩමණ්ඩියේ,Nanda Malani,Classics,Sunil Ariyarathna,H.M.Jayawardhana,C minor,3/4,"කඩමණ්ඩියේ දොළ අයිනේ නුඹව පෙනී 
නැවතී බලනවා මොහොතක් කොහොම හරී 
කතා නැතිව සිටියත් ගොළු වෙලා අපී 
දාහක් දේ තිබේ කීමට බැරුව වැසී 
ගහ කොළ වලට දාහක් ඇස් ඇති හින්දා 
සුළඟට සියුම් දාහක් කන් ඇති හින්දා 
කවදාවත්ම නුඹ මට නොලැබෙන හින්දා 
මුනිවත හොඳයි දෙබසින් දුක වැඩි හින්දා 
සයුර මොටද දිය දෝතක් බොන්න බැරී 
ඔරුව මොටද වතුරේ පැද යන්න බැරී 
දෑස මොටද සිතු සේ දැක ගන්න බැරී 
කුසුම මොටද ළංවී රොන්ගන්න බැරී",0,,,,
Hada Wila Kalabana |  හද විල කළඹන,Nanda Malani,Classics,Dharmasiri Gamage,Nanda Malani,Ab major,4/4,"හද විල කළඹන පෙම් ජල රේඛා 
ඒ විල මැද සීතල සඳ රේඛා 
දෑසෙහි තවරා ආදර රේඛා 
ඔබ රුව සිහිනෙන් හද ඇඳි රේඛා 
වරලස අක්‌ බඹරුන් රැඳි රේඛා 
දෙනෙතෙහි නිලිපුල් මල්පෙති රේඛා.. 
දෙතොලෙහි ආදර හසරැලි රේඛා 
ඔබ රුව සිහිනෙන් හද ඇඳි රේඛා 
නීල පළිඟු කැට නෙත් මිණි රේඛා 
බාල වන්දනී නළලත රේඛා.. 
ආල නුරාවෙන් බැඳි රන් රේඛා 
ඔබ රුව සිහිනෙන් හද ඇඳි රේඛා 
දෑල ළැමැද රන් ගෝමර රේඛා 
ඈතදි පෙන්වන කෝමල රේඛා.. 
මෑතදි බැලුවිට ආදර රේඛා 
ඔබ රුව සිහිනෙන් හද ඇඳි රේඛා",0,,,,
Galana Gangaki | ගලන ගඟකි,Nanda Malani,Classics,Chandrarathna Manawasingha,Pandith Amaradewa,G major,3/4,"ගලන ගඟකි ජීවිතේ දයාලූ ලෝකයේ 
මිහිර පතා ආදරේ  
මිහිර පතා ආදරේ 
ලපළු නටයි ගංතෙරේ 
වැලිතල කිති කවන නටන  
පෙම් රළ වැළ ඉවුරු බඳින 
මිහිතලයට සුවය දැනෙන 
උකුළු තලය බඳු නැලැවෙන 
පෙමට පෙම පුදා.. 
තුඩට තුඩු දිදී.. 
කුරුළු ගී නගයි 
ආ..දරේ..බැදීලා..",0,,,,
Deno Dahak Nuwan |  දෙනෝ දාහක්,Nanda Malani,Classics,Kularathna Ariyawansa,Victor Rathnayaka,C major,7/8,"දෙනෝ දාහක් නුවන් අතරේ 
කවුරුදෝ මා 
තනි කළේ….. තනි කළේ 
…..පාසැල් බිමේ 
සිනා කෙළිලොල් තෙපුල් රහසේ 
දෙඩූ තැන් අද ගොළු වෙලා 
සොඳුරු පාසැල් පියස 
කඳුලින් බොඳ වෙලා 
කැදැල්ලෙන් ඔබ වෙන් වෙලා 
නිබඳ ඔබ මා ඇවිද ගිය තැන් 
සෙවණ දුන් ගහ කොළ පුරා 
බිමට බරවුණු කැකුළු 
අතු ඉති මැලවිලා 
දුකින් හදවත ගොළුවෙලා",1,කැදැල්ලෙන් ඔබ වෙන් වෙලා,නිවසින් ඔබ නික්ම ගොසින්,කැදැල්ල,නිවස
Chandra Madulu Yata |  චන්ද්‍රමඬුළු යට,Nanda Malani,Classics,Mahinda Algama,Nanda Malani,Ab major,4/4,"චන්ද්‍රමඬුළු යට සුරංගනාවන් 
දූ සනහන්නට ගීත ගයනවලු 
දුවේ එපා ඒ කතා අහන්නට 
මේ නැළවිලි ගී මමයි කියන්නේ 
රන් තැටියට කිරි පැණි පුරවාගෙන 
හඳහාමී දූ බලන්න එනවලු 
දුවේ එපා ඒ කතා අහන්නට 
හඳහාමී කෙලෙසද මෙහි එන්නේ 
කිරි මුට්ටිය නුඹෙ ගඟේ ගියාලූ 
ගඟට උඩින් කිරි කොක්කු ගියාලූ 
දුවේ එපා ඒ කතා අහන්නට 
මමයි නුඹට ලේ කිරි කර දෙන්නේ 
දූ අල්ලන්නට හැන්දෑ යාමේ 
මල්ලක් අරගෙන බිල්ලෙක් එනවලු 
ධීර දුවේ මා බිය නොම වන්නේ 
සිහළ ලෙයයි නුඹ සිරුර දිවෙන්නේ",0,,,,
,Nanda Malani,Buddhist songs,Ashoka Kolambage,D.D.Danny,D,4/4,"බුදු සාදු බුදු සා..දු සඳුන් ගසක් වෙන්නම් 
මම සමන් වැලක් වෙන්නම් 
ඔබගේ පාමුල සමන් වැලක්වී 
ඔබගේ පාමුල සමන් වැලක්වී 
සුවඳ මලින් සැරසෙන්නම් 
ඔබ වැඩි අරණේ සඳුන් ගසක්වී 
ඔබ වැඩි අරණේ සඳුන් ගසක්වී 
සිසිල සෙවන රඳවන්නම් 
බුදු සාදු බුදු සා………දු නෙළුම් මලක් වෙන්නම් 
මම නෙළුම් මලක් වෙන්නම් 
ඔබගේ පියවර මැනුම් ඉදිරියේ 
ඔබගේ පියවර මැනුම් ඉදිරියේ 
මුදු පා පිස්නක් වෙන්නම් 
 &",0,,,,
Budu Karuna |  බුදු කරුණා,Nanda Malani,Buddhist songs,Anuradha Senevirathne,Nanda Malani,C minor,3/4,"බුදු කරුණා දෑස තෙමී 
මෙත් සිහිලැලි ඇද හැලුණා 
නිවා තාප ලෝ කතරේ 
අමා වතුර ගලා බසී 
බුදු කරුණා දෑස තෙමී 
කඳු වැටිවල නිසොල්මනේ 
ගහ කොළ මල් පිපී නටයි 
නැවුම් පොළොව නව නිල්ලේ 
බුදු සිරිපා පහස ලබයි 
කෙළෙස් මලින් උකටලි සිත 
නිවා තවන සුවය සොයයි 
නිසල ඔබේ බුදු රුව ළඟ 
මගෙ හද භාවනා කරයි",0,,,,
Araliya Landata |  අරලිය ලන්දට,Nanda Malani,New Pop,Priyantha Dharmawansa,Carlo Wijesiri,A minor,2/4,"අරලිය ලන්දට සඳ පායන කොට 
තුරුලිය මල් වට බඹරු බමන විට 
සිව් සිය සිය දහසට ඇඟිලි ගණිනා මට 
ඔබ ගැන සිහිවෙනවා එතකොට 
ගී පද ලියැවෙනවා 
රඹවන් හේනේ කරල් පැසෙන කොට 
අඹ මල් ගානේ  
ගිරව් හඬන විට දොඹ තුරු මානේ  
සෙවන දකින මට 
ඔබ ගැන සිහිවෙනවා එතකොට  
සි ති විලි ඉගිලෙනවා 
දඬු‍වැල් බෑ මී සුවඳ දැනෙන කොට 
පඬුවන් අහසේ  
තරු පායන විට හැඬුමට නොහැකිව  
දෙඇස වසන මට 
ඔබ ගැන සිහි‍වෙනවා එතකොට  
සිහිනය උපදිනවා",0,,,,
Buddhanubhawena |  බුද්ධානුභාවේන,Nanda Malani,Buddhist songs,Sunil Ariyarathna,Nanda Malani,A major,3/4,"බුද්ධානුභාවේන සිත් නෙත් පහන් වී 
මෙත් මල් පිපීලා මුදිතා ජලාසේ 
නංවා ප්‍රභා ලොව්තුරා රශ්මි මාලා 
හෙළ දෙරණ ජන ජයතු ජය මංගලානී 
තණ්හා උපාදාන පරිදේව වියැකී 
අඥාන අඳුරේ දැල්වී ප්‍රදීපේ 
හඬවා නුවන් දැල් මංගල්‍ය ප්‍රීතී 
හෙළ දෙරණ ජන ජයතු ජය මංගලානී 
භෘංගාවලී රාව ප්‍රතිරාව නංවා 
බන්දා ප්‍රශංසා ජය කේතු කේලී 
දසතින් ගලා ක්ෂීර පායාස ධාරා 
හෙළ දෙරණ ජන ජයතු ජය මංගලානී",0,,,,
Ayanna Kiyanna |  අයන්න කියන්න,Nanda Malani,Classics,Sunil Ariyarathna,Mervin Perera,A major,4/4,"අයන්න කියන්න ලොවටම ඇහෙන්න 
එන්න මගේ මල්ලී 
දුවන්න පනින්න නටන්න ගයන්න 
එන්න මගේ නංගී 
පාසල නම් රන් දෙවොලේ 
දෙවියන් වන් ගුරු කැළගේ 
සිත දිනමින් පා හෙවණේ 
ශිල්ප ලබා මතු දවසේ 
ලෝකය දකින්න එහි සැරිසරන්න 
එන්න මගේ මල්ලී එන්න මගේ නංගී 
කාසි පනම් හිටි හැටියේ 
සතුරෝ ගෙන යති රහසේ 
පොතින් පතින් ලද දැණුමේ 
ධනය සදාකල් සුරැකේ 
ඥානය වඩන්න කාලය ගෙවන්න 
එන්න මගේ මල්ලී එන්න මගේ නංගී",1,පාසල නම් රන් දෙවොලේ,රත්රන් වලින් ඉදිකල දේවාලයක් බඳු වූ වටිනාකමක් සහිත පාසල,රන් දේවාලය,පාසල
Man Mula wee |  මං මුලා වී,Gunadasa Kapuge,Classics,Sunil Ariyarathna,Gunadasa Kapuge,F minor,4/4,"මං මුලා වී පාර හොයාගෙන  
හසරක් අසමින් යන ගමනේ 
මං මුලා වූ සමනලියකගෙනි  
පාර අසා……. තිබුනේ   
ඇයත් නොදන්නිය ඇය යන මානය 
උන් හිටි තැන් මතකය අඩමානය 
පාර කියන්නේ කෙලෙසද මා හට 
ඇයටද පාරක් ඇති නැති ගානය 
අප හමු වූයේ මන්දැයි නොදනිමි 
පාර ඇසූවේ ඇයි දැයි නොකියමි 
අපේ ගමන අද නවතනු හැකි නම් 
අප යන ගමනද අද මෙතැනින් නිමි",1,මං මුලා වූ සමනලියකගෙනි,තනි කාන්තාවක්,මංමුලා වූ,තනි වූ
Man Hinda Obe – මං හින්දා ඔබෙ,Gunadasa Kapuge,,Lushan Bulathsinhala,Gunadasa Kapuge,C,2/4,"මං හින්දා ඔබෙ නෙතඟින් කඳුළක් හෙලන්නෙපා 
මං හින්දා ඔබෙ හද තුල සුසුමක් නැඟෙන්නෙපා 
ගිවිසා ගනිමු අපි 
පෙම් යුවලක් සේ කිසිදා එක් නොවෙනා 
අහස් මාලිඟා නැහැ ඔබ නිසා මැවී 
සැක සංකා නැහැ ඔබ ගැන හිතේ රැඳී 
හිමිකම් නොකියමි ඔබට මගේ කිසිදා 
උරණ නොවන්නෙමි ඔබ අන්සතු වූ දා 
අතැඟිලි බන්ධන නොපතමි පෙමින් බැඳී 
ඔබ සිරකරලන දොරගුලු දමණු බැරී 
නෑ කුල සිරිතෙන් සැලෙනා පෙමක් නොවේ 
පෙමට පෙමින් යන පෙම් ලොව මෙයයි අපේ",0,,,,
Duka Hadu Dena |  දුක හාදු දෙන,Gunadasa Kapuge,Classics,Wasantha B Dissanayaka,Gunadasa Kapuge,E minor,3/4,"දුක හාදු දෙන රැයේ සිත පතුලටම වෙලා 
යෞවනේ අපට විය විරහි හද ගිලන් වෙලා   
ගහ කොල ද මල් පිපේ ඇළ දොළ  
නිල කඩා හැලේ 
පෙරදාක මිරිඟු සයුරේ ඒ රුවට රැවටුනේ 
නන්නාඳුනන ලෙසේ මග තොට  
යලිත් හමුවෙලා 
මහමෙර හිසින් දරාගෙන අපි යමු දුරස් වෙලා",1,දුක හාදු දෙන රැයේ,ඉතා දුක්බර වූ රාත්‍රිය,දුක හාදූ දීම,ඉතා දුක්බර වීම
Domba Mal Kalawe |  දොඹ මල් කැලෑවේ,Gunadasa Kapuge,Old Pops,Wasantha B Dissanayaka,Gunadasa Kapuge,F minor,6/8,"දොඹ මල් කැලෑවේ බමරුන් ගැයූ 
කවියක් වගේ ආදරේ... 
අත්වැල් බැඳන් යන්න  ලංවී ලඟින් ඉන්න 
සංසාර ගිරි දුර්ගයේ...   
රෑ පිණි පොදේ සීත මිටියාවතේ 
මේ කේතකී මල් වනේ... 
සඳ සේ උදාවූ සෙනෙහේ නිමාවේද 
දුක් දොරකඩින් හෙට දිනේ 
කටු තුඩු මතින් එන්න කුර ගාව ගාවා 
හිනැහී දෙතොල් ඉරි තලා.. 
පෑතුන් සඳක් නිසරු අහසේ දිලේවා 
කටුවැට උඩින් පාවෙලා",1,කවියක් වගේ ආදරේ,ආදරය බඹරුන් ගැයූ මිහිරි කවියක් මෙනි,කවිය,ආදරය ත
Dethola Nokee De |  දෙතොල නොකී,Gunadasa Kapuge,Old Pops,Lushan Bulathsinhala,Gunadasa Kapuge,F major,2/4,"දෙතොල නොකී දේ දෙනෙතේ කියවෙනවා 
වසන් කරන හිත මුහුණේ ලියවෙනවා 
නංගිගේ පාමුල ඉර හද තියලා 
ආදර හිත ලග කවුරුද මුවා උනේ  
හැඩරුව බලලා කැඩපත වෙහෙසන්නේ 
පුංචි හිතේ පොඩි මදුමල් පිපිලාදෝ 
ගෙදර බුදුන් මුව උදානයක් වූ 
නංගිගේ හිත ලග කවුරුද මුවා උනේ 
බාල බොලදියේ ඉස්සර සුරතල් වූ 
කවට සිනා කෙලි සගවා තබුවාදෝ 
වසන්තයට පෙර කැකුලට ලංවී 
නංගිගේ හිත ලග කවුරුද මුවා උනේ",0,,,,
Desa Nilupul |  දෑස නිළුපුල්,Gunadasa Kapuge,,Piyananda Wijesundara,Gunadasa Kapuge,C minor,4/4,"දෑස නිළුපුල් තෙමා  කඳුළු මුතුවැල් සලා  
දෙතොල සුසුමින් පුරා ඉකිබිඳ 
හඬනු මල් මාලියේ  හඬනු මල් මාලියේ  
නිහඬ හදවත් පොතේ ලියැවුනූ  
සොඳුරු ගී වැල් නැතේ මා තැනූ  
ඔබේ කඳුලැලි මා සිතේ  
නිබඳ පදවැල් ඇඳේ   
නිබඳ පදවැල් ඇඳේ 
පබළු මිණිමුතු නැතේ මා සතූ  
කඳුළු මුතු ඇට ඔබේ මා පැතූ  
තුසර පිණි ලෙස මල් මතේ  
කඳුළු කොපුලේ රැඳේ 
කඳුළු කොපුලේ රැඳේ",0,,,,
Dawasak Pala Nethi |  දවසක් පැල,Gunadasa Kapuge,Classics,,,D minor,3/4,"දවසක් පැල නැති ‍හේනේ  
අකාල මහ වැහි වැස්සා  
තුරුලේ හංගාගෙන මා ඔබ‍ තෙමුනා අම්මේ 
පායනතුරු හිටි පියවර හිටියා ඔබ අම්මේ  
නුවර වීදි යටකරගෙන  
නින්දා වැහි වැගිරුනදා 
බිරිඳකගේ සෙනෙහෙ ගියා  
යෝධ ඇලේ නැම්මේ 
ඔබෙ සෙනෙහස සුවඳ දිදී    
දැනුනා මට අම්මේ 
කොළඹ අහස කළුකරගෙන  
මුහුදු හුළඟ හඬලනකොට ‍ 
ඔටුන්න බිම දා දුවගෙන  
එන්නද එක පිම්මේ 
මම එනතුරු ඉදිකඩ ළඟ  
ඉන්නවාද අම්මේ 
මම එනතුරු...ඉදිකඩ ළඟ  
ඉන්නවා...ද අම්මේ....",1,නින්දා වැහි වැගිරුනදා,දැඩි ලෙස නින්දා අපහාස වලට ලක්වීම,වැහි වැගිරීම,දැඩි ලෙස යමකට ලක්වීම
Birinda Mage Oba |  බිරිඳ මගේ ඔබ,Gunadasa Kapuge,Classics,,,E minor,2/4,"බිරිඳ මගේ ඔබ  නැ මා ඔබ‍ගේ බිරිඳ නොවේ 
දෑගිලි හුයකින් බැඳි පමණින් මා ඔබගේ  
බිරිඳ ‍නොවේ.. …….ඔබගේ බිරිඳ නොවේ 
ඔබ පෙම් කල අය ඔබට ලැබී නැත 
මා පෙම් කල අය මටද ලැබී නැත 
මාව් පිය නෑ සිය ආසිරි ගී මැද  
දෑගිලි පමණක් එකට බැඳී ඇත 
දෑගිලි පමණක් එකට බැඳී ඇත 
සිරුරින් එකතැන හදවත් දෙතැනක  
දෙදෙනෙකු වෙමු අපි එකම වහලයට.. 
ඔබෙත් මගෙත් හද ගැහෙනා රාවය 
අපට මියෙන තුරු හැදිනිය හැකිවෙද.. 
අපට මියෙන තුරු හැදිනිය හැකිවෙද",0,,,,
Dam Patin La |  දම් පාටින් ලා,Gunadasa Kapuge,Classics,Lushan Bulathsinhala,Austin Munasinghe,D major,4/4,"දම් පාටින් ලා සඳ බැස යනවා  
ආකාසේ රන්වන් පාටයි 
සමුගෙන යන්න මගෙන් තව මොහොතයි 
නොදොඩා ඉන්නේ ඇයි……..  
නොදොඩා ඉන්නේ ඇයි 
දම් පාටින් සඳ මුහුණ පෙනෙනවා  
වෙන්වී යන මොහොතක් නෑගෙයි 
දෑසට ලංව තවත් මේ මොහොතේ 
ගොළුවී ඉන්නෙමි මම්………..  
ගොළුවී ඉන්නෙමි මම් 
සෙවනැලි නොමැකේ නම් 
එළිය කළු නොවේ නම් 
බිත්ති පුරා ඔබෙ සෙවනැලි ඇන්දේ  
තනිය මකාගන්නයි 
එනතුරු සොයා මගේ සෙනෙහස මතුදා 
රෑ කල දිගුවේ නම් 
ලා සඳ නොමැකේ නම් 
නෙළුම් පතක ‍රැදි පිණිබිඳුවක් සේ  
ලමැද තලා යහනේ  
ඉන්නම් පමාවෙලා හිරු නැගෙන තුරා",1,දම් පාටින් ලා සඳ බැස යනවා,ඉර උදා වෙනවා,ලා සඳ බැස යනවා,ඉර උදා වෙනවා
Bindu Bindu Tharaka |  බිංදු බිංදු තාරකා,Gunadasa Kapuge,Old Pops,Lushan Bulathsinhala,H.M.Jayawardhana,D minor,6/8,"බිංදු බිංදු තාරකා කඳුලු මල් විලේ 
උමතු වී සඳයි ඔබයි හිනැහුණා ‍රැයේ 
සුබපැතුම් අගාධයේ ගීතිකා ඇසේ 
අහිමි වූ ආදරේ රත්පියුම් පිපේ 
තනිවී ගිම්හානයේ වැළපේ කොවුලා වනේ.. 
සඳ මත ආදරයේ සෑය මැවේ  
වියැකී බඹර ගීත මලක රොන් දැනේ 
විෂ මදු පුරවා විතේ ගෙනදී දෝතින් ඔබේ.. 
මා හද සෑය දවා දෑස නිවා 
නන්වනු මන්දහාස මියෙන මා නෙතේ",1,බිංදු බිංදු තාරකා කඳුලු මල් විලේ,දැඩි ලෙස ඇඬූ කඳුලින්,කඳුලු මල් විල,මහා ලෙස වේදනාවෙන් හැඬීම
Bimbarak Senaga |  බිම්බරක්,Gunadasa Kapuge,Old Pops,Rathna Sri Wijesinge,Gunadasa Kapuge,C minor,6/8,"බිම්බරක් සෙනග ගැවසුන චන්ද්‍ර සූර්යා ඉපදුන  
ස්වර්ණ භූමියේ මනරම් මාළිගාව කෝ 
යුද්දේකට ඇවිත් රුපුසෙන් සත් මුහුදුමතින් ගුවනින්  
කම්බි වට කලේ මනරම් මාළිගාවදෝ 
මාළිගාවදෝ  
ට්‍රැක්ටරේ යකඩ ගජසෙන් කුංචනාදයෙන් ඇලළුන  
වෘක්ශ දේවතාවන් බිම වැටී පණ ගසයි 
මිනී මල් පිපුන සීතල නිම්න භූමියේ ඇටකටු  
හතර රියන් කඩ අහිමිව විලාපය නගයි 
විලාපය නගයි 
කැළෑ මල්පිපී රතු තොල් වලින් කෑගසා ඉල්ලන  
ජාතියේ නිධානය රන් රුවන් කරඬු කොයි 
වෑකන්ද කඩා බිම්කටු කම්බියෙන් බෙදා මේ රණ 
බිමේ හිසගසා දමනා කඩුව බිම දමව් 
කඩුව බිම දමව්",0,,,,
Ayiyandiye |  අයියන්ඩියේ,Gunadasa Kapuge,Classics,Nimal Ananada,Gunadasa Kapuge,A minor,3/4,"අයියන්ඩියේ නුඹ ඇවිදින් ගිය දවසේ 
ගිණි ඇවිලුනා කැනිමඬලට අපෙ නිවසේ 
එක පත අනා එකටම කෑ පෙර දවසේ 
මං අමතකද නුඹ රජ වූ අද දවසේ  
අම්මා එක්ක දබරව පැද ගිය වත්තේ 
ලැම දා ගියා බත හිර වුනි කුස ගින්නේ 
දෑසේ කඳුළු වැහි පොද ලෙස වෑහෙන්නේ 
වී පෑලකට ඇයි උබ විරසක වෙන්නේ 
ඉරට සැපක්දෝ නියඟය දළුලෑම 
සඳට සැපක්‍දෝ ඝණ දුර පීදීම 
නුඹට සැපක්දෝ අපි තනිකර යෑම 
මහ පොළවකට නඩු හබ ඇයි ගතු කීම",0,,,,
Awado Sansare |  ආවාදෝ,Gunadasa Kapuge,Classics,Mahinda Dissanayaka,Gunadasa Kapuge,A minor,2/4,"ආවාදෝ........ සංසාරේ 
මා හා බැදී   සැමදා….. පාවි මාගෙ  
සෙවනැල්ල සේ 
ආවාදෝ........ සංසාරේ  
ඔරුවක් පාවුනා පාලුවේ සාගරේ 
තොටියෙක් යාවුනා සිරුවේ සීතලේ 
මිහිරේ ගී ගැයුනාවේ තනිය නසා  
තනිය නසා 
කතරේ වාලුකා පැයුමෙන් වේලුනා 
වැහැලා ඒ බිමෙ මී මලක් පිදුනා 
සිහිල ලබා සිහිලැල්ලෙ නිවී ගියා  
නිවී ගියා",1,සංසාරේ,පෙම්වතිය,සංසාරය,පෙම්වතිය
Ahasa Usata |  අහස උසට,Gunadasa Kapuge,Old Pops,Saman Guna Herath,Gunadasa Kapuge,G minor,6/8,"අහස උසට නැග ගියාට නැහැනේ අහසේ රැඳෙන්නේ  
අහසේ මාලිගා තැනුවට අපි පොළොවේ සිටින්නේ 
අහස උසට නැග ගියාට නැහැනේ අහසේ රැඳෙන්නේ 
අහසේ මාලිගා තැනුවට අපි පොළොවේ සිටින්නේ  
ලඹ කැටයේ අත්වාරුව බිත්ති දිගේ නගින්නේ  
බිත්තිය ඉහලට යනකොට අපි පොඩියට පෙනෙන්නේ 
සිමෙන්ති කඳුලින් දියකර සත් මහලයි තනන්නේ  
පලංචියේ කිරි කිරියයි අපේ දුකට හඩන්නේ",1,අහසේ මාලිගා,සිහින මන්දිර,අහස,සිහින
Ahasa Se Oba |  අහස සේ ඔබ,Nanda Malani,Classics,Sunil Ariyarathna,Rohana Weerasingha,B minor,7/8,"අහස සේ ඔබ අනන්තයි 
සයුර සේ ඔබ අනන්තයි.. 
මේ විශ්වයේ මා දකින්නේ…..ඒ 
ඔබමැ පමණයි...ඔබ අනන්තයි 
අනන්තයි 
වෙණ තතක් හැඩවෙන තැනත් ඔබ 
මදුවිතක් උතුරන තැනත් ඔබ... 
තෙළිතුඩක් දැවටෙන තැනත් ඔබ 
පන්හිඳක් ගැවසෙන තැනත් ඔබ 
අඩ සඳක් සැගවෙන තැනත් ඔබ  
රළ පෙළක් පෙරලෙන තැනත් ඔබ.. 
සිසිලසක් දනවන තැනත් ‍ඔබ 
උණුසුමක් ගෙනදෙන තැනත් ඔබ",1,අහස සේ ඔබ අනන්තයි,බුදු ගුණ අහස සේ අනන්තයි,අහස,අනන්තය
Adaraye Wedanawa |  ආදරයේ වේදනාව,Nanda Malani,Old Pops,Kithsiri Nimal Shantha,Rohana Weerasingha,F minor,6/8,"ආදරයේ වේදනාව හදට දැනුනු යම් දවසක  
හුදකලාව නොතැවී යලි  
එන්න මා සොයා….. එන්න මා සොයා 
දේදුනු පැහැයෙන් දිදුලන ආදර විජිතය හැරදා 
රැජින පලා ගිය මොහොතක  
නොතැවී යලි ඈ සිහිකර  
එන්න මා සොයා….. එන්න මා සොයා 
ජීවිතයට මිහිර ලතැවුල ඔබ තුරුලට ලංවූදා 
නොතැවී හිද තනියහනේ 
මතක සුලං රොදක එතී  
එන්න මා සොයා….. එන්න මා සොයා",1,දේදුනු පැහැයෙන් දිදුලන ආදර විජිතය හැරදා,වර්ණවත් වූ ආදරයක් පෙන්වා,දේදු⁣න්නේ පාට,වර්ණවත් වූ ආදරය
Ammawarune |  අම්මාවරුනේ,Nanda Malani,Classics,Dharmasiri Gamage,Premasiri Khemadasa,Eb minor,4/4,"අම්මා..ආ….වරුනේ..ඒ  
අම්මා..ආ…. වරුනේ 
සම්මා සම්බුදු අම්මාවරුනේ 
දරුවන්ගේ දුක් කඳුළු දකින දා 
සුර ලොව සිට අත පා…… ආ 
ඒ කඳුළැලි පිසිනා 
අම්මාවරු නැති දරුවන්නේ 
සංකා දුක් කවුදෝ දන්නේ 
ඒ දුක දන්නා අම්මාවරුමයි 
යම් මතු දිනයක බුදු වන්නේ 
සංසාරේ මතු බුදු වන්නේ 
සෙනෙහස වැඩි දා සිතද බොළද වේ 
ලොවම ආදරේ කියා සිතී 
මායාවක්වී එහි තනිවූ දා 
අම්මා පමණයි ළඟ ඉන්නේ 
අම්මා පමණයි ළඟ ඉන්නේ",0,,,,
Abhisarikawange |  අභිසාරිකාවන්ගේ,Gunadasa Kapuge,Classics,Sunil Ariyarathna,Gunadasa Kapuge,F minor,4/4,"අභිසාරිකාවන්ගේ උන්මාද නෙතු අතරේ 
අයාලේ ගිය ජීවිතේ  ඔබෙනි ඵල ගැනුනේ 
අභිසාරිකාවන්ගේ  
රාග ගිනි ජාලාවේ 
ප්‍රේමයේ උණුසුම් සුසුමේ 
වෙනස ඔබෙනි දැනුනේ…..ඒ 
අයාලේ ගිය ජීවිතේ  ඔබෙනි ඵල ගැනුනේ 
ආදරය යන වදනේ 
මනු‍ලොවේ මිනිසත් භවයේ 
මහිම ඔබෙනි හැඟුනේ….ඒ 
අයාලේ ගිය ජීවිතේ  ඔබෙනි ඵල ගැනුනේ",1,අයාලේ ගිය ජීවිතේ  ඔබෙනි ඵල ගැනුනේ,ඔබ ජීවිතයට එළියක් උනා,ඵල ගැනුනේ,ආලොකයක් උනා
Mini Mini Poda |  මිණි මිණි පොද,Edward Jayakody,New Pop,Rathna,Karunarathna Wijewardhana,D minor,,"මිණි මිණි පොද වැටේ මල් මිණි දැදිරි වේවි 
ඔබ එනවා නම් 
දේදුනු පාලම උඩ හැන්දෑවේ 
මම ඉන්නම්.... 
ලා සඳ පළුව ඇවිත් නිල් දිය මුදුනින් 
රන් තරු මාල බැදන් රන් වන් අහසින් 
අද හොදම දවස  අද හොදම දවස  
ඔබ එනවා නම්.... 
බිම් කළුවර ඈතින් ඉරෙන්නට කලින් 
සුදු මීදුමේ සුසුම් නැගෙන්නට කලින් 
අද හොදම දවස  අද හොදම දවස  
ඔබ එනවා නම්....",0,,,,
Me Prema Katha |  මේ ප්‍රේම කතා,Charitha Priyadarshani,Duets,Rambukkana Siddhartha Thero,Edward Jayakody,Ab major,,"මේ ප්‍රේම කතා නවතා මොහොතක්‌ 
අපි අවට බලමු ඇස්‌ ඇරලා... 
නැති බැරිකම හතර අතේ 
පාවෙනවා  සුළඟ වගේ 
නැති බැරිකම ජය ගන්නට වෙර දරනා මිනිස්සුන්ට 
අපි දෙන්නා ඔරුවක් වෙමු ජීවන ගඟ පැද යන්නට 
අවුල් තැවුල් පිරිනි ලොවක අසරණවූ මිනිස්සුන්ට 
අපි දෙන්නා පලසක් වෙමු දෙපිය නගා ඇවිදින්නට",1,අපි දෙන්නා ඔරුවක් වෙමු,අපි දෙදෙනා උදව් කරමු,ඔරුවක් වෙමු,උදව් කරමු
Snehaye Nagarayai |  ස්නේහයේ නගරයයි,Amarasiri Peiris,Duets,Hemasiri Gunathunga,Rohana Weerasingha,F minor,3/4,"ස්නේහයේ නගරයයි සිත මගේ  
මාවතක් හෝ නොවූ රාගයේ 
වන්දනාවේ ගිහින් එන්න ආසයි මටත්  
කොයි ඉසව්වේද ඒ මෙත්පුරේ  
යෞවනේ නිල් නුවන් සේ රැඳී   
රන් මලක් වේද හද සල් වනේ 
නෙත් පහන් දල්වලා සිත් සඳුන් දුම් දවා  
රන් සිනා පාමි පූජාසනේ 
මේ නවාතැන් ගෙවා ආත්මයේ  
යන තුරා මිලින වී මතු දිනේ 
සෙනෙහසේ සිහිලඹින් දොවන සේ යදිමි මා  
පූජනීයයි උතුම් ආදරේ",1,ස්නේහයේ නගරයයි,සිතේ වූ සෙනෙහස් හැඟුම්,⁣ස්නේහයේ නගරය,ආදරවන්ත සිත
Me Mal Yaye |  මේ මල් යායේ,Edward Jayakody,Old Pops,Hemasiri Halpita,Sunil Dharmasena,A minor,,"මේ මල් යායේ මා හා එක්වීලා ඈ පෑ සිනා ලංවෙලා 
රෑ තරු වාගේ නිවුණා මැලවීලා මා දෑසේ දී වේදනා  
මා දෑතේ වේලිලා එදා… රෑ සීතේ සඳපානේ පියනැගුවා 
ඒ ඡායා සිහිනේ යාවී….  ඈ මාගේ නෙතු දැලේ දුක සැදුවා 
සෝ ගීතේ සවනේ යාවී… මා ලෝකේ තනිවූ සේ මට හැඟුනා 
ඈ මා හා පෙරදා මැවූ…. ඒ මායා මීදුම් සේ දුර ඇදුනා",1,රෑ තරු වාගේ නිවුණා මැලවීලා මා දෑසේ දී වේදනා,රෑ අහසේ තරු මෙන් මගේ වේදනා නැතිවී ගියා,රෑ තරු,ඇයගේ පැමිනීම
Sarasa Wasanthaya | සරස වසන්තය,Amarasiri Peiris,Duets,Niar N Kasim,Jagath Jayawardhana,C minor,4/4,"සරස වසන්තය ආයෙත් එනවානම් 
මගේ තරුණ විය මං ඉල්ලාගන්නම් 
අපේ අතීතයෙ මල් මාවත්වල ඇවිදන් යන්නට  
සරස වසන්තය ආයෙත් එනවානම් 
  ∆  
ලියූ සුපෙම් කවි හසුන් පුරාවට 
පොත් පිටුවක එය හංඟා ගන්නට 
බොරු විස්සෝපෙන් අහක බලන්නට 
ආයෙත් හමුවී හිනා නගන්නට 
සරස වසන්තය ආයෙත් එනවානම් 
දෙනෝදහක් මැද සිත් හංඟන්නට 
සැගවූ ප්‍රේමය නෙතින් කියන්නට 
කාත් කවුරුත් නැති සීමාවක  
හොරෙන්ම හමුවී පෙමින් දොඩන්නට 
සරස වසන්තය ආයෙත් එනවානම් 
  &  
  ∆",0,,,,
Me Koyi Yanne |  මේ කොයි යාන්නේ,Edward Jayakody,Old Pops,Unknown,Rohana Weerasingha,C minor,,"මේ කොයි යාන්නේ  රයිගම් යාන්නේ 
කවදද ඒන්නේ  නැත අප දන්නේ 
උඩින් ගියොත් සිරස  බිඳෙයි 
බිමින් ගියොත් තිඹුල් ඇනෙයි 
කුරිරැ කුර සපුන් ගහණයි වනන්තරේ 
වල්මත් නොවී යන ගමනක් හිමින් සැරේ 
සතුන් පණියි දෙබරැ අණියි  
සොර මුරු සේසත පැහැර ගණියි 
බාර හාර වී පුද පෙත් නොකලාට 
අටවිසි බුදුන් ගේ සරණයි නුඹලාට 
ගමන දුරයි මග කටුකයි 
පා යුග පැකිලෙයි බලාගෙනයි",0,,,,
Latha Madullak |  ලතා මඩුල්ලක්,Edward Jayakody,Old Pops,Saman C Weerasinghe,Sarath De Alwis,A major,,"ලතා මඩුල්ලක් කතා කරනවා සෙවණට එන්න කියා 
මේ මල් උද්‍යානේ නවතිමු හැන්දෑවේ 
වලා කැරැල්ලක් ඔහේ ඇදෙනවා බෑ නවතින්න කියා.. 
මේ මල් උද්‍යානේ වෙන් වෙමු රෑ බෝවේ 
වෙන්වී යන්නේ රෑ තනි යානේ තනිකම නොදැනේදෝ 
ඒ තනි යානේ තනිය මකන්නේ  මතක සුවඳ නේදෝ 
උදයේ හමුවී හවසට වෙන්වී යළි හෙට හමුවේදෝ 
සදහට නැවතී ඉන්නට එන්නම් දෙසිතක් නෑ නේදෝ. 
රන් තරු යායේ සඳ පායන්නේ අප දැකලා නේදෝ  
ඒ හඳපානේ අප හමුවන්නේ හෙට දිනයේ නේදෝ 
කල් බලමින්නේ දසැඟිලි ගැන්නේ හමුවන තුරු නේදෝ 
මුදු පළඳින්නේ මුතු කරලන්නේ නැකැත් බලා නේදෝ",0,,,,
Me Ira Handa Yata |  මේ ඉර හඳ යට,Edward Jayakody,Old Pops,Rambukkana Siddhartha Thero,M.R.Chulasingha,F minor,,"මේ….. ඉර හඳ යට හමුවී 
ආදරයෙන්…………… 
කතා කරපු අය සෙනේ වඩපු අය 
ළඟ පාතකවත් නෑ….. 
මේ………. ඉර හඳ යට හමුවී 
අද නුඹ කොතැනද අද මා කොතැනද 
දන්නේ නෑ නුඹ මටත් හොරා 
ජීවන මහ මග සටන් වැදී ඇත 
නාඳුනනා පෙම්වතුන් වෙලා 
දැන හඳුනා ගත් කාලේ ඉඳලා 
ළබැඳි දයාවෙන් සිටිය නිසා 
අප වෙනුවෙන් අප නමින් හෙලන්නට 
හෙටටත් කඳුලක් ඉතිරි වෙලා",0,,,,
Mal Malathi Latha |  මල් මාලතී ලතා,Edward Jayakody,New Pop,Saman C Weerasinghe,Sarath De Alwis,G major,,"මල් මාලතී ලතා …….අඳුරේ මිලාන වී 
මේ පාළු රාත්‍රියේ නොපිපී බලා හිඳී 
මල් මාලතී ලතා 
හැඬූ සිතේ විඩා නිවා ඇදේ මාරුතේ 
හැපී බිඳෙන ප්‍රේමයේ සෝ සුසුම් ලෙසේ 
කිසිදාක නොමැත ආදරේට ලැබී ආදරේ....  
ගැලූ සිනා ගඟේ ගිලී ගියෙද ආදරේ 
හඬා වැටේ ප්‍රාර්ථනා පෙම් උයන් තෙරේ 
කවදාක සුවද යලි දැනේද  නැවුම් ස්නේහයේ..",0,,,,
Katu Akule |  කටු අකුලේ,Edward Jayakody,Classics,B Nanayakkarawasam,Ananda Gamage,D major,,"කටු අකුලේ මල් ඇහැරේ  රළු අහසේ තරු හිනැහේ 
රළු අහසේ තරු හිනැහේ කටු අකුලේ මල් ඇහැරේ  
තුඩින් තුඩේ රැව් නැගේ කුරුළු ගී ගායනා 
කුළින් කුළේ වැතිරෙතේ සුදු වළා පාවෙනා 
ළමයින් සුවඳයි කඳුළක දිලිසෙයි 
අඳුරු විමානේ රන්මිණි පහනයි 
අනාථ දෑසේ කෙම්බිම ඔබමයි 
මිලාන ලෝකේ හසරැලි උයනයි",1,අඳුරු විමානේ රන්මිණි පහනයි,ජීවිතයේ අඳුර නැති කර⁣න්නේ ළමයින්,රන්මිනි පහණ,ළමයින්
Karakena Rode |  කැරකෙන රෝදේ,Edward Jayakody,Classics,Kumaradasa Saputhanthri,Kalani Perera,D major,,"කැරකෙන රෝදේ පුංචි කරත්තේ  
ඉඳගෙන මම ඉන්නේ.. 
පදික වේදිකා පසුකර යන්නට  
තල්ලු කරන් පුතුනේ  තල්ලු කරන් පුතුනේ  
කැඩුනු පාවහන් කුඩ නිමවාලා 
දවසේ වියදම සරි කරවාලා 
අඳුර වැටෙන්නට කලියෙන් ගෙදරට 
තල්ලු කරන් පුතුනේ  තල්ලු කරන් පුතුනේ 
කිරිකැටි දෙ‍අතේ සවිබල දියැවේ 
පමා වුනොත් අප මහමඟ තනිවේ 
අම්මා මඟ ඇති නෙත් හරවාගෙන  
තල්ලු කරන් පුතුනේ  තල්ලු කරන් පුතුනේ",0,,,,
Gan Iwure |  ගං ඉවුරේ,Edward Jayakody,Old Pops,Kusum Pieris,Rohana Weerasingha,G minor,,"ගං ඉවුරේ තුරු ලතා මඬුල්ලේ  
සයුරු මායිමේ පුළින තලාවේ  
සෙනෙහස් හැඟුමින් චමත්කාර වී  
අප ගැන අප හිතු හැටි මිහිරියි    
ආදර ගී විය ජයමංගල ගී  
කුරුළු කැදැල්ලකි පුංචි පැලේ  
ප්‍රේමවන්තයෝ... 
ප්‍රේමවන්තයෝ දෙගුරුන් වී 
යළි ඉපදුණු හැටි හරිම අගේ 
සිඟිති සණ්ඩු මැද හිනා වෙවී  
කිරුළු පළන් ජීවිත ගමනේ  
දෝර ගලා... 
දෝර ගලා කරදර ආවත්  
හිඳිමු එදා මෙන් වෙනස් නොවී",1,කුරුළු කැදැල්ලකි,අපගේ නිවස,කුරුලු කැදැල්ල,නිවස
Handanna Lanwa |  හඬන්න ළංව,Charitha Priyadarshani,Duets,B Nanayakkarawasam,Rohana Weerasingha,F major,,"හඬන්න ළංව ඇති ඔබේ නුවන් පුරා 
ඇඳෙන්නේ ජීවිතේ කතාවදෝ 
හෙලන්න බැරිව ළතවෙනා සුසුම් සදා 
කියන්නේ ජීවිතේ මුළාවදෝ   
තරු ඇසක් ඇරී උදා ගිරේ පෙම් මලක් මුවින් හිනා නැගේ 
තරු ඇසේ කතා මියේද පෙම් මලේ හිනා මැකේද 
මේ වෙනසදෝ ආදරේ 
සඳ රැහැන් වැටී සුනිල් දියේ කුමුදු මල් දෙතොල් විදා පිපේ  
හිරු ඇවිත් එ මල් දවාද ඒ දුකත් වසන්ව යාද 
මේ අරුතදෝ ආදරේ",0,,,,
Karadiya Gambare |  කරදිය ගැඹරේ,Edward Jayakody,Classics,P. Jayawardhana,Rohana Weerasingha,G minor,,"කරදිය ගැඹරේ තුන්යම ගෙවුනේ 
නුඹගේ දෑතට දිරිය වඩන්නයි 
සුහුඹුල් අත්පා යදඬු කරන්නයි 
කිරිකැටි පුතුනේ...කිරිකැටි පුතුනේ...   
අව්වට වැගිරෙන දාදිය වැස්සේ 
කළුගල් තලලා මහමං තැනුවේ 
නිවහල් ලොවකට නුඹට වඩින්නයි 
කිරිකැටි පුතුනේ...කිරිකැටි පුතුනේ... 
දුම් රොටු අතරේ කම්මල් ඇතුළේ 
දැ‍තිරෝදෙට ගත ජීවය දුන්නේ 
නව මිනිසෙකු නව ලොවට පුදන්නයි 
කිරිකැටි පුතුනේ...කිරිකැටි පුතුනේ...",1,තුන්යම ගෙවුනේ,දවස ගතකලේ,තුන්යම,දවස
Sanduda Awadiyen |  සඳුද අවදියෙන්,Amarasiri Peiris,Classics,Priyananda Wijesooriya,Amarasiri Pieris,G major,4/4,"සඳුද අවදියෙන් තරුද අවදියෙන්  
මේ නිශාන්තයේ 
ඔබ ලඟ නැති තව දිනක් ගෙවී යයි  
තනිවුන වසන්තයේ... 
සීතල ඇතිරුනු මිහිලිය ලය මත  
කොද කිණි බිඟු වුනි මධු පුරවා 
උණුසුම දිස්වුනෙ නෑ නෙත මානෙට  
ඔබලඟ නැතිවුණු අද මා තනිවම 
පහන් නොදැල්වෙන ඔබෙ පැල්පත තුල  
නිදිමත අඩනෙතු පිය සනහා 
මගේම කඳුලක් වී පිණිබිදු ලෙස  
ඔබෙ කවුළුව ලඟ පිපි මල්පෙති මත",0,,,,
Domba Malin |  දොඹ මලින්,Edward Jayakody,Old Pops,Kumaradasa Saputhanthri,Rohana Weerasingha,G major,,"දොඹ මලින් මලෙක රේණු තලන තුරුණු බඹර රැළේ 
මද මතින් ඉපිල රඟනු බලා මල් මුවරද සැලේ   
හද සුවය මවෙත රඳන විහඟ ගීතයයි 
සුව සිහින වැලෙක මල් පීදෙන කාලයයි 
නව යෞව්වනේ පිපි මල් වනේ 
රණ තිසර ළමැද සෙවණේ මධු සාදයයි 
වන වදුළු පුරා නිල්ල නිලන කාලයයි 
රණ මොණර කිකිණි හඬින් නැගෙන තාලයයි 
හසරැල් සලා කඳුලැල් නිවා 
සිත නිබඳ සොයන නිමල සොඳුරු ගීතයයි",0,,,,
Eka Yaye Kaka | එක යායේ කකා,Bandula Wijeweera,Movie Songs,Premakeerthi De Alwis,H.M.Jayarathna,F minor,6/8,"එක යායේ කකා වැටී එකා වගේ එකට ඉදී 
එක පවුලේ උපන් ලෙසේ කල ආරක්ෂා 
නාස් ලනුව දමනවාලු කරත්තයක බදිනවාලු 
අපට හිටිය ලපටි කැකුළු නාඹර වස්සා  
ගෙට ආකල ටිකිරි ලියා නුඹ වේවිලු කබරගොයා 
ලිදට ගියත් අවසරයක් ගන්නට වේවී 
දල ගලවා අතේ තියා නුඹ නටවයි ඒ ළමයා 
පනවාලා දරුණ දණ්ඩ බන්ධන නීති 
වලට වැටුනු එකායකා වලටම ඇදගනු මිසකා 
වලෙන් උඩ ට එන්නට අත දෙන්නට කැමති 
නෑදෑහිතවතෙක් නැති ඒගැන හිතුවොත් යෙහෙකි 
කසාදෙ නම් කසාය හරි තිත්ත බෙහෙතකි",0,,,,
Oba Apple Malak |  ඔබ ඇපල් මලක්,Amarasiri Peiris,New Pop,Kalum Shreemal,Sangeeth Wickramasingha,C major,,"ඔබ ඇපල් මලක් වාගේ ලස්සන වසන්ත කාලේ  
මට හදිස්සියෙන් වාගේ හමුවූ  
පායන්න දෑස මානේ උණුහුමට ගින්දරී  
ගෙනියන්න මාගෙ ගානේ මේ හිතම සුන්දරී 
දිගු දෑසේ බැල්ම ඔබගේ  
ඇයි සොදුරු ඔය හැටී 
ඔබ ඇපල් මලක් වාගේ ලස්සන වසන්ත කාලේ  
මට හදිස්සියෙන් වාගේ හමුවූ  
ඇස් පියෙන් අදී කෑලි කැපෙන රළු රාත්‍රියේ  
කීරි ‍ගැහෙන සිත අනුහස අයදී ප්‍රේම‍යේ 
එය පමණක් ශේෂය වී නම් පුර්වාත්මයේ 
ඔබ ගැවසෙන මා සිත අවිනීතයි  
අවනත නැති නෙතටද අවිවේකයි 
හුදකලාව අවනඩුවක් ගෑණු ළමයෝ 
ඉටි රූපෙ අපූරුව විදින්න මං හරි ආසයි  
පින්තූරේ වගේ ඔබ හිනැහෙන කොට මට ලෝබයි 
අහිතක් හිතන්නෙ නැති නම් මං හරි ආදරෙයි 
ඔබ ගැවසෙන මා සිත අවිනීතයි  
ඊයේ අද මෙන් හෙටත් එහෙම වෙයි 
හුදකලාව අවනඩුවක් ගෑණු ළමයෝ",1,ඔබ ඇපල් මලක් වාගේ ලස්සන වසන්ත කාලේ,ඇයගේ ලස්සන,වසන්ත කාලයේ පිපුණු ඇපල් මලේ අලංකාරය,ඇයගේ අලංකාරය
Neka Uyan |  නෙක උයන්,Amarasiri Peiris,Duets,Kapila Kumara Kalinga,Rohana Weerasingha,F major,,"නෙක උයන් වතු මැදින්   
හමා යයි නව මන්ද මාරුතේ 
සොඳුර මේ අප පැතුම් සුපිපෙනා   
හිතමිතුරු වූ වසත් කාලයයි       
සිතුවමින් මතුව ආ සුසුම් රැල්  
බොඳ මලක් මත වැටී බොඳව යයි 
සිහිනයක් අවදි වී පිය නගයි  
අඬ අඳුරු සීත කඳු මාවතේ 
නොම තැවෙන් රාත්‍රිය දිගු විනැයි  
හෙට දවස මීවිතක් සේ දිසෙයි 
නිදැල්ලේ ගලා ගිය ජීවිතේ   
නිම්නයක නතර වී ගිම් නිවයි",0,,,,
Malak Wune |  මලක් උනේ,Amarasiri Peiris,Classics,Saman Athawudahetti,Kalani Perera,A major,3/4,"මලක් උනේ ඇයි ඔබ මට  
ජී...විතයට සුවඳ සලන 
එනමුදු සිප ගන්නට තහනම් 
විලක් උනේ ඇයි ඔබ මට  
ජී..විතයට සිසිල ඉසින  
දිය දෝතක් බොන්නට තහනම්      
පහන් තාරකාවක් සේ ජීවිතයට මග කීවද 
ඒ එළියෙන් මහද පහන් දල්වනු කෙලෙසින් 
සහන් ගීතිකාවක් සේ ජීවිතයේ ගිම් නිවුවද 
ඒ ගීයේ සොඳුරු වදන් මුමුණනු කෙලෙසින්",1,මලක් උනේ ඇයි ඔබ මට,ජීවිතයටම ආලෝකයක් ගෙන දුන්,මල,ආලෝකය
Landune |  ළඳුනේ,Amarasiri Peiris,Classics,Ranbanda Senevirathna,Premasiri Khemadasa,Eb minor,4/4,"ළඳුනේ... ළඳුනේ…  
ඔබේ දෑස දැකගත්තෙමි  
සැඳෑ කලෙක ළඳුනේ  ළඳුනේ 
දෙනෝ දහක් අත ගත්තද  
සැමියෙකු නැති ළඳුනේ  
නෑයෙක් නෑකම නොකියන  
වීදි සරණ ළඳුනේ     
තෙල් මල් ගෙන දෝත පුරා 
මුනිකුටියට පියමං වන 
ඔබේ දෑස දැක ගත්තෙමි  
සැඳෑ කලෙක ළඳුනේ  ළඳුනේ  
බුදුන් දැක නිවන් දකිමැයි  
දෙව්රම යන පාර අහන 
ඔබ ද පටාචාරාවකී  
ඔබ ද කිසාගෝතමියකි 
පිරිමින්ගෙ පාප කඳට දෝස විඳින ළඳුනේ 
අඳුරේ පව් කරන දනා එළියෙ රවන ළඳුනේ 
ළැම පමණක් ලොවට පෙනෙන  
ළය නොපෙනෙන ළඳුනේ 
කුහුඹුවකුට වරදක් නැති  වැරදිකාර ළඳුනේ",1,දෙනෝ දහක් අත ගත්තද,ගණිකාවක් වූ ළඳුනේ,දෙනෝදාහක් අත ගැනීම,ගණිකාව
Mage Punchi Rosa Male |  මගේ පුංචි රෝස මලේ,Amarasiri Peiris,Classics,Dhammika Bandara,Danister Perea,D minor,3/4,"මගේ පුංචි රෝස මලේ  
මමයි නුඹේ වියපත් බඹරා 
නුඹ හීනෙන්වත් නොදකින කුමරා 
නුඹ හීනෙන්වත් නොදකින කුමරා      
කලුවර රෑ හඳක්‌ වගේ  
අහසේ…… නුඹ ඉන්නව නම් 
ආසයි මම නොකී කවිය නුඹට කියන්න  
තරහක්‌ නෑ නුඹ බැස යන්න  
මගේ පුංචි නවාතැනේ  
ඇවිදින් සැරි සරනව නම් 
ආසයි මං කවුළු පියන් ඇරලා තියන්න  
තරහක්‌ නෑ නෑවිත් ඉන්න",1,මගේ පුංචි රෝස මලේ,මගේ පුංචි ආදරවන්තියේ,රෝස මල,ආදරවන්තිය
Iri Thelunu Wala |  ඉරි තැළුනු වලා,Amarasiri Peiris,New Pop,Saman Athawudahetti,Tissasiri Perera,D minor,4/4,"ඉරි  තැළුනු වලා උඩු වියන් යටින්  
මුදු තාර ඇතිරිල්ලේ 
යමු යමු යමු අපි ඇවිද යමු ප්‍රේමියේ              
සිව් දෙසින් හඹා එන මොටෝ රථ රඟ  
සෙනඟ රවටමින්  
වටපිටේ සීරුවට විදුලි ඇස් සිනාසේවී 
නොරැවටී යන්න යමු  
කහ ඉරෙන් එතර වීලා  
රිය පෙලේ කිරුළු හිමි රජවරුන් අත වනාවී 
බිම බලන් යන්න යමූ  
කහ ඉරත් රැළි වැටීලා",1,විදුලි ඇස්,වාහනවල හෙඩ් ලයිට්,විදුලි ඇස්,හෙඩ් ලයිට්
Kala Wewa Hindenawa |  කලා වැව හිඳෙනවා,Amarasiri Peiris,New Pop,Shantha Jayalath Thisera,Unknown,E minor,4/4,"කලා වැව හිඳෙනවා ආයෙමත් පිරෙනවා 
මගේ හිත බිඳෙනවා ආයෙමත් හැදෙනවා    
හිඳුනු වැව් පතුලේ කටු කොහොලු පෙනෙනවා 
රිදුනු හිත් මඬලේ සෝ සුසුම් දැවෙනවා  
පිරුනු වැව් ජලයේ සුදු නෙළුම් සරනවා 
හැදුනු හිත් මඬලේ පෙම් සුවද දැනෙනවා",1,හිඳුනු වැව් පතුලේ කටු කොහොලු පෙනෙනවා,ආදරය නැති වූ කල ඇතිවන දුක් ගැන අවබෝධ වීම,හිඳුනු වැව,නැති වූ ආදරය
Kawuruwath Nehe |  කවුරුවත් නැහැ,Amarasiri Peiris,Classics,Hemasiri Gunathunga,Premasiri Khemadasa,C minor,4/4,"කවුරුවත් නැහැ කවුරුවත් නැහැ  
එගොඩට යන්නට එ‍ගොඩට යන්නට
ඉරගල වැටිලා ඉවුර දෙපැත්තේ  
අඳුර ගලනවා පාරුව ඇතුලට  
ලංතෑරුම කෝ ඔහෙ තිබුනාවේ  
කවුරුවත් නැ කවුරුවත් නැ    
දවසින් දවසම පාලම හැදුනා  
පාලම් මොලෙන් හෙන හඩ ඇසුනා 
කිරන කැලෑවේ කුරුළු කොබෙයියන්  
ගම හැරදා යන්න ගිහින් 
කවුරුවත් නැහැ කවුරුවත් නැහැ  
එගොඩට යන්නට එ‍ගොඩට යන්නට  
දෑතේ අතැගිලි හබලට ගෙවුනා  
ගෙනියන්නට බැරි මහ බර තිබුනා 
මෙතුවක් නොම ගිය බර අද දවසේ  
මට හිනැහීගෙන යනවා රහසේ",1,ඉරගල වැටිලා,අඳුර වැටිලා,ඉරගල,අඳුර
Iki Gasa Handana |  ඉකි ගසා හඩන,Amarasiri Peiris,Classics,Amila Thenuwara,Darshana Ruwan,A minor,4/5,"ඉකි ගසා හඩන අතීතයක  
කදුළු එක්ක ගණුදෙනු කරනා                    
මට මගේ නොවන  මගේම ආදරයක් තිබුනා 
මගේම ආදරයක් තිබුනා  
හීනෙන් හිනැහී තුන් යම මා රවටා  
මැදියම් මහ රෑ අදටත් හිත ඉගිලෙනවා 
නින්දෙන් ඇහැරී කළුවරේම යලි සොයනා  
මට මගේ නොවන 
මගේම ආදරයක් තිබුණා  
රිදුමක් වගේ කිසිදා සුව නොවනා  
සුසුමින් විතරක් නිරතුරුවම පිරිමදිනා 
උහුලනු බැරි තැන උණු කදුළුම වගුරුවනා 
මට මගේ නොවන 
මගේම ආදරයක් තිබුණා",1,මට මගේ නොවන  මගේම ආදරයක් තිබුනා,ඒකපාක්ෂික ආදරයක් තිබුනා,මගේ නොවන ⁣මගේම,ඒකපාක්ෂික
Hanthaneta Paayana |  හන්තානට පායන සඳ,Amarasiri Peiris,New Pop,Dhammika Bandara,Danister Perea,C major,3/4,"හන්තානට පායන සඳ  
ලස්සනයිද කියන්න                    
මා නොදකින ඒ පුර හඳ  
ඔබට හැකිය දකින්න  
අඳුරු ලලා වහිනා කල 
සරසවි බිම තෙමෙන්න  
කුඩේ යටින් ඔබ යන කල  
එපා තනිය දැනෙන්න 
ලතා මඩුළු අත වනාවි  
එපා අහක බලන්න 
මා ගැන මතකය ගුලිකර  
මහවැලියට දමන්න",1,"කුඩේ යටින් ඔබ යන කල  
එපා තනිය දැනෙන්න",ඇයට කවුරුන් හෝ හමුවේවායි පැතීම,එපා තනිය දැනෙන්න,කා හෝ හමු වේවා යන පැතුම
Charu Dehe Nura | චාරු දේහේ නුරා,Amarasiri Peiris,Classics,Premakeerthi De Alwis,Amarasiri Pieris,E minor,4/4,"චාරු දේහේ නුරා මා දෑසේ මැවේ 
රාත්‍රියේ රෑ සඳේ ඈ සිනා ශ්‍රීය දේ 
චාරු දේහේ නුරා 
පිහින පීනා රසෝගේ සරාගී විලේ  
රාත්‍රි යාමයේ 
ඈගේ දෑසේ ප්‍රබෝධේ නුරා ගී නැගේ 
ජීවිතේ යෞවනේ ප්‍රේමයේ මී වනේ  
සීත මිහිදුම් වළාවෝ වෙළීලා සඳේ  
 තාරකාවේ 
මිහි තලාවේ තුසීතේ මැවේ මා හදේ 
ජීවිතේ යෞවනේ ප්‍රේමයේ මී වනේ",0,,,,
Aya Yanna Giya |  ඇය යන්න ගියා,Amarasiri Peiris,Classics,Sunil Sarath Perera,H.M.Jayawardhana,F minor,4/4,"ඇය යන්න ගියා මැකිලා  
වන සිරසක තුරු සෙවනැලි අතරේ  
ගී ගයමින් හිඳ මා තුරුලේ   
ඇය යන්න ගියා මැකිලා 
ඇය යන්න ගියා මැකිලා   
පිණි කඳුලක් මල් පෙති අග තවරා  
මිහිදුම් සළුවෙන් මුහුණ වසා 
නිල්ල නිලන නිල් කඳු වැටි අතරේ  
සඳ එළියේ මං පෙත පාදා 
රහසක් සඟවා ගොළු වූ හදකින්  
යන්න ගියා මැකිලා 
යළි කවදාවත් හමු නොවෙනා බව  
මද පවනක් හිස අතගා කීවද 
අදහා ගන්නට නොහැකිය කිසි දින  
ඇය යළි නොඑතැයි ගිම්හානෙට පෙර",1,ඇය යන්න ගියා මැකිලා ,ඇය තමාගේ ජීවිතයෙන් ඉවත්ව යාම,මැකිලා,ඉවත්ව යාම
Atha Epita | ඈත එපිට,Sanath Nandasiri,Classics,Sunil Sarath Perera,Sanath Nandasiri,C minor,4/4,"ඈත එපිට ගම්මානෙන් නැග එන  
බටලී හඬ අතරේ  
ඉතාම දුක්බර කවියක් මතුවෙද  
ඇය නිදි නොමැති පැලේ  
මලානිකව හඳ එලිය ගලා එන  
අම්බලමක හෙව‍ණේ  
බලා හිඳිමි ඔබ හිඳින විමන් දොර  
දැල්වෙන එළිය බඳේ 
වේදනාව නෙතු අගට ගලාලා  
ඉකිලන නිහඬ රැයේ  
නීල නුවන් තරු කැට බොඳ වෙනවා  
කාටත් හොර රහසේ",1,ඇය නිදි නොමැති පැලේ,ඇය ඔහුව හැරදා ගොසින්,නිදි නොමැති පැල,ඇය නැති පැල
Akuru Maki Nehe |  අකුරු මැකී නෑ,Edward Jayakody,Classics,Kumaradasa Saputhanthri,Rohana Weerasingha,Eb major,,"අකුරු මැකී නෑ කොළ ගැලවී නෑ  
බොඳ වී නෑ සිතුවම් 
ඉස්සර වාගේ තාමත් මතකයි 
හෝඩි පොතේ පාඩම්    
මේ ඊරී  බිම සීරී කුණ්ඩුමණී හිස පීරී 
දීසිය පුරවා දෝසී දමා කුමුදුමතී හිනැහේවී 
අපි දුවමු අපි පනිමු ගී කියමු අපි නටමු 
ඇත් පොරයට අපි ඇහැ යවමූ බාළ වියට පා නගමු",1,බාළ වියට පා නගමු,අතීතය සිහි කරගමු,බාල වියට පා තැබීම,අතීතය සිහි කිරීම